,date,TempC,Forecast(TempC),Lower Confidence Bound(TempC),Upper Confidence Bound(TempC)
0,2018-01-01,29.0,,,
1,2018-01-02,29.0,,,
2,2018-01-03,27.0,,,
3,2018-01-04,27.0,,,
4,2018-01-05,27.0,,,
5,2018-01-06,28.0,,,
6,2018-01-07,27.0,,,
7,2018-01-08,26.0,,,
8,2018-01-09,27.0,,,
9,2018-01-10,26.0,,,
10,2018-01-11,27.0,,,
11,2018-01-12,29.0,,,
12,2018-01-13,30.0,,,
13,2018-01-14,29.0,,,
14,2018-01-15,29.0,,,
15,2018-01-16,29.0,,,
16,2018-01-17,28.0,,,
17,2018-01-18,28.0,,,
18,2018-01-19,27.0,,,
19,2018-01-20,29.0,,,
20,2018-01-21,28.0,,,
21,2018-01-22,29.0,,,
22,2018-01-23,29.0,,,
23,2018-01-24,29.0,,,
24,2018-01-25,29.0,,,
25,2018-01-26,31.0,,,
26,2018-01-27,29.0,,,
27,2018-01-28,29.0,,,
28,2018-01-29,29.0,,,
29,2018-01-30,29.0,,,
30,2018-01-31,30.0,,,
31,2018-02-01,30.0,,,
32,2018-02-02,30.0,,,
33,2018-02-03,29.0,,,
34,2018-02-04,29.0,,,
35,2018-02-05,29.0,,,
36,2018-02-06,30.0,,,
37,2018-02-07,29.0,,,
38,2018-02-08,29.0,,,
39,2018-02-09,31.0,,,
40,2018-02-10,29.0,,,
41,2018-02-11,29.0,,,
42,2018-02-12,29.0,,,
43,2018-02-13,29.0,,,
44,2018-02-14,29.0,,,
45,2018-02-15,30.0,,,
46,2018-02-16,30.0,,,
47,2018-02-17,31.0,,,
48,2018-02-18,30.0,,,
49,2018-02-19,30.0,,,
50,2018-02-20,31.0,,,
51,2018-02-21,31.0,,,
52,2018-02-22,30.0,,,
53,2018-02-23,30.0,,,
54,2018-02-24,30.0,,,
55,2018-02-25,31.0,,,
56,2018-02-26,32.0,,,
57,2018-02-27,31.0,,,
58,2018-02-28,32.0,,,
59,2018-03-01,32.0,,,
60,2018-03-02,32.0,,,
61,2018-03-03,34.0,,,
62,2018-03-04,34.0,,,
63,2018-03-05,33.0,,,
64,2018-03-06,33.0,,,
65,2018-03-07,33.0,,,
66,2018-03-08,33.0,,,
67,2018-03-09,33.0,,,
68,2018-03-10,33.0,,,
69,2018-03-11,33.0,,,
70,2018-03-12,33.0,,,
71,2018-03-13,32.0,,,
72,2018-03-14,32.0,,,
73,2018-03-15,32.0,,,
74,2018-03-16,30.0,,,
75,2018-03-17,29.0,,,
76,2018-03-18,28.0,,,
77,2018-03-19,31.0,,,
78,2018-03-20,33.0,,,
79,2018-03-21,34.0,,,
80,2018-03-22,32.0,,,
81,2018-03-23,33.0,,,
82,2018-03-24,31.0,,,
83,2018-03-25,34.0,,,
84,2018-03-26,34.0,,,
85,2018-03-27,34.0,,,
86,2018-03-28,34.0,,,
87,2018-03-29,33.0,,,
88,2018-03-30,32.0,,,
89,2018-03-31,32.0,,,
90,2018-04-01,34.0,,,
91,2018-04-02,32.0,,,
92,2018-04-03,33.0,,,
93,2018-04-04,34.0,,,
94,2018-04-05,34.0,,,
95,2018-04-06,34.0,,,
96,2018-04-07,34.0,,,
97,2018-04-08,34.0,,,
98,2018-04-09,34.0,,,
99,2018-04-10,33.0,,,
100,2018-04-11,34.0,,,
101,2018-04-12,33.0,,,
102,2018-04-13,35.0,,,
103,2018-04-14,35.0,,,
104,2018-04-15,34.0,,,
105,2018-04-16,33.0,,,
106,2018-04-17,35.0,,,
107,2018-04-18,36.0,,,
108,2018-04-19,36.0,,,
109,2018-04-20,34.0,,,
110,2018-04-21,34.0,,,
111,2018-04-22,33.0,,,
112,2018-04-23,33.0,,,
113,2018-04-24,34.0,,,
114,2018-04-25,34.0,,,
115,2018-04-26,33.0,,,
116,2018-04-27,35.0,,,
117,2018-04-28,35.0,,,
118,2018-04-29,35.0,,,
119,2018-04-30,35.0,,,
120,2018-05-01,36.0,,,
121,2018-05-02,34.0,,,
122,2018-05-03,32.0,,,
123,2018-05-04,33.0,,,
124,2018-05-05,33.0,,,
125,2018-05-06,35.0,,,
126,2018-05-07,33.0,,,
127,2018-05-08,33.0,,,
128,2018-05-09,32.0,,,
129,2018-05-10,31.0,,,
130,2018-05-11,34.0,,,
131,2018-05-12,32.0,,,
132,2018-05-13,33.0,,,
133,2018-05-14,31.0,,,
134,2018-05-15,31.0,,,
135,2018-05-16,33.0,,,
136,2018-05-17,33.0,,,
137,2018-05-18,33.0,,,
138,2018-05-19,34.0,,,
139,2018-05-20,34.0,,,
140,2018-05-21,33.0,,,
141,2018-05-22,32.0,,,
142,2018-05-23,32.0,,,
143,2018-05-24,31.0,,,
144,2018-05-25,31.0,,,
145,2018-05-26,31.0,,,
146,2018-05-27,33.0,,,
147,2018-05-28,32.0,,,
148,2018-05-29,31.0,,,
149,2018-05-30,31.0,,,
150,2018-05-31,31.0,,,
151,2018-06-01,32.0,,,
152,2018-06-02,30.0,,,
153,2018-06-03,29.0,,,
154,2018-06-04,27.0,,,
155,2018-06-05,30.0,,,
156,2018-06-06,29.0,,,
157,2018-06-07,30.0,,,
158,2018-06-08,26.0,,,
159,2018-06-09,28.0,,,
160,2018-06-10,29.0,,,
161,2018-06-11,28.0,,,
162,2018-06-12,29.0,,,
163,2018-06-13,30.0,,,
164,2018-06-14,29.0,,,
165,2018-06-15,31.0,,,
166,2018-06-16,31.0,,,
167,2018-06-17,31.0,,,
168,2018-06-18,30.0,,,
169,2018-06-19,29.0,,,
170,2018-06-20,30.0,,,
171,2018-06-21,29.0,,,
172,2018-06-22,28.0,,,
173,2018-06-23,28.0,,,
174,2018-06-24,29.0,,,
175,2018-06-25,29.0,,,
176,2018-06-26,28.0,,,
177,2018-06-27,27.0,,,
178,2018-06-28,25.0,,,
179,2018-06-29,29.0,,,
180,2018-06-30,30.0,,,
181,2018-07-01,29.0,,,
182,2018-07-02,30.0,,,
183,2018-07-03,28.0,,,
184,2018-07-04,29.0,,,
185,2018-07-05,30.0,,,
186,2018-07-06,27.0,,,
187,2018-07-07,25.0,,,
188,2018-07-08,26.0,,,
189,2018-07-09,28.0,,,
190,2018-07-10,27.0,,,
191,2018-07-11,27.0,,,
192,2018-07-12,26.0,,,
193,2018-07-13,27.0,,,
194,2018-07-14,27.0,,,
195,2018-07-15,26.0,,,
196,2018-07-16,27.0,,,
197,2018-07-17,28.0,,,
198,2018-07-18,29.0,,,
199,2018-07-19,29.0,,,
200,2018-07-20,28.0,,,
201,2018-07-21,28.0,,,
202,2018-07-22,28.0,,,
203,2018-07-23,26.0,,,
204,2018-07-24,26.0,,,
205,2018-07-25,28.0,,,
206,2018-07-26,29.0,,,
207,2018-07-27,28.0,,,
208,2018-07-28,28.0,,,
209,2018-07-29,29.0,,,
210,2018-07-30,30.0,,,
211,2018-07-31,28.0,,,
212,2018-08-01,28.0,,,
213,2018-08-02,31.0,,,
214,2018-08-03,29.0,,,
215,2018-08-04,28.0,,,
216,2018-08-05,28.0,,,
217,2018-08-06,27.0,,,
218,2018-08-07,25.0,,,
219,2018-08-08,28.0,,,
220,2018-08-09,28.0,,,
221,2018-08-10,27.0,,,
222,2018-08-11,24.0,,,
223,2018-08-12,24.0,,,
224,2018-08-13,26.0,,,
225,2018-08-14,24.0,,,
226,2018-08-15,26.0,,,
227,2018-08-16,23.0,,,
228,2018-08-17,27.0,,,
229,2018-08-18,28.0,,,
230,2018-08-19,27.0,,,
231,2018-08-20,27.0,,,
232,2018-08-21,28.0,,,
233,2018-08-22,29.0,,,
234,2018-08-23,28.0,,,
235,2018-08-24,28.0,,,
236,2018-08-25,27.0,,,
237,2018-08-26,27.0,,,
238,2018-08-27,27.0,,,
239,2018-08-28,27.0,,,
240,2018-08-29,27.0,,,
241,2018-08-30,27.0,,,
242,2018-08-31,28.0,,,
243,2018-09-01,28.0,,,
244,2018-09-02,29.0,,,
245,2018-09-03,29.0,,,
246,2018-09-04,28.0,,,
247,2018-09-05,27.0,,,
248,2018-09-06,28.0,,,
249,2018-09-07,28.0,,,
250,2018-09-08,29.0,,,
251,2018-09-09,29.0,,,
252,2018-09-10,28.0,,,
253,2018-09-11,30.0,,,
254,2018-09-12,31.0,,,
255,2018-09-13,28.0,,,
256,2018-09-14,31.0,,,
257,2018-09-15,30.0,,,
258,2018-09-16,29.0,,,
259,2018-09-17,26.0,,,
260,2018-09-18,29.0,,,
261,2018-09-19,26.0,,,
262,2018-09-20,24.0,,,
263,2018-09-21,28.0,,,
264,2018-09-22,29.0,,,
265,2018-09-23,29.0,,,
266,2018-09-24,29.0,,,
267,2018-09-25,30.0,,,
268,2018-09-26,29.0,,,
269,2018-09-27,30.0,,,
270,2018-09-28,28.0,,,
271,2018-09-29,29.0,,,
272,2018-09-30,28.0,,,
273,2018-10-01,30.0,,,
274,2018-10-02,29.0,,,
275,2018-10-03,29.0,,,
276,2018-10-04,27.0,,,
277,2018-10-05,26.0,,,
278,2018-10-06,27.0,,,
279,2018-10-07,29.0,,,
280,2018-10-08,29.0,,,
281,2018-10-09,28.0,,,
282,2018-10-10,28.0,,,
283,2018-10-11,30.0,,,
284,2018-10-12,30.0,,,
285,2018-10-13,31.0,,,
286,2018-10-14,29.0,,,
287,2018-10-15,30.0,,,
288,2018-10-16,28.0,,,
289,2018-10-17,27.0,,,
290,2018-10-18,28.0,,,
291,2018-10-19,27.0,,,
292,2018-10-20,28.0,,,
293,2018-10-21,28.0,,,
294,2018-10-22,28.0,,,
295,2018-10-23,29.0,,,
296,2018-10-24,29.0,,,
297,2018-10-25,28.0,,,
298,2018-10-26,28.0,,,
299,2018-10-27,27.0,,,
300,2018-10-28,28.0,,,
301,2018-10-29,28.0,,,
302,2018-10-30,29.0,,,
303,2018-10-31,28.0,,,
304,2018-11-01,28.0,,,
305,2018-11-02,26.0,,,
306,2018-11-03,27.0,,,
307,2018-11-04,27.0,,,
308,2018-11-05,28.0,,,
309,2018-11-06,27.0,,,
310,2018-11-07,28.0,,,
311,2018-11-08,28.0,,,
312,2018-11-09,28.0,,,
313,2018-11-10,29.0,,,
314,2018-11-11,28.0,,,
315,2018-11-12,28.0,,,
316,2018-11-13,28.0,,,
317,2018-11-14,31.0,,,
318,2018-11-15,28.0,,,
319,2018-11-16,25.0,,,
320,2018-11-17,28.0,,,
321,2018-11-18,28.0,,,
322,2018-11-19,27.0,,,
323,2018-11-20,28.0,,,
324,2018-11-21,26.0,,,
325,2018-11-22,23.0,,,
326,2018-11-23,26.0,,,
327,2018-11-24,28.0,,,
328,2018-11-25,28.0,,,
329,2018-11-26,28.0,,,
330,2018-11-27,26.0,,,
331,2018-11-28,27.0,,,
332,2018-11-29,26.0,,,
333,2018-11-30,28.0,,,
334,2018-12-01,28.0,,,
335,2018-12-02,27.0,,,
336,2018-12-03,25.0,,,
337,2018-12-04,26.0,,,
338,2018-12-05,27.0,,,
339,2018-12-06,27.0,,,
340,2018-12-07,28.0,,,
341,2018-12-08,28.0,,,
342,2018-12-09,29.0,,,
343,2018-12-10,28.0,,,
344,2018-12-11,28.0,,,
345,2018-12-12,27.0,,,
346,2018-12-13,27.0,,,
347,2018-12-14,28.0,,,
348,2018-12-15,26.0,,,
349,2018-12-16,26.0,,,
350,2018-12-17,26.0,,,
351,2018-12-18,27.0,,,
352,2018-12-19,28.0,,,
353,2018-12-20,28.0,,,
354,2018-12-21,27.0,,,
355,2018-12-22,28.0,,,
356,2018-12-23,27.0,,,
357,2018-12-24,28.0,,,
358,2018-12-25,29.0,,,
359,2018-12-26,30.0,,,
360,2018-12-27,27.0,,,
361,2018-12-28,28.0,,,
362,2018-12-29,25.0,,,
363,2018-12-30,26.0,,,
364,2018-12-31,26.0,,,
365,2019-01-01,27.0,,,
366,2019-01-02,25.0,,,
367,2019-01-03,27.0,,,
368,2019-01-04,26.0,,,
369,2019-01-05,27.0,,,
370,2019-01-06,28.0,,,
371,2019-01-07,28.0,,,
372,2019-01-08,28.0,,,
373,2019-01-09,29.0,,,
374,2019-01-10,29.0,,,
375,2019-01-11,30.0,,,
376,2019-01-12,28.0,,,
377,2019-01-13,30.0,,,
378,2019-01-14,29.0,,,
379,2019-01-15,28.0,,,
380,2019-01-16,28.0,,,
381,2019-01-17,28.0,,,
382,2019-01-18,29.0,,,
383,2019-01-19,28.0,,,
384,2019-01-20,28.0,,,
385,2019-01-21,29.0,,,
386,2019-01-22,31.0,,,
387,2019-01-23,31.0,,,
388,2019-01-24,30.0,,,
389,2019-01-25,27.0,,,
390,2019-01-26,27.0,,,
391,2019-01-27,27.0,,,
392,2019-01-28,28.0,,,
393,2019-01-29,26.0,,,
394,2019-01-30,26.0,,,
395,2019-01-31,27.0,,,
396,2019-02-01,27.0,,,
397,2019-02-02,28.0,,,
398,2019-02-03,29.0,,,
399,2019-02-04,29.0,,,
400,2019-02-05,29.0,,,
401,2019-02-06,30.0,,,
402,2019-02-07,30.0,,,
403,2019-02-08,32.0,,,
404,2019-02-09,31.0,,,
405,2019-02-10,28.0,,,
406,2019-02-11,29.0,,,
407,2019-02-12,28.0,,,
408,2019-02-13,29.0,,,
409,2019-02-14,30.0,,,
410,2019-02-15,31.0,,,
411,2019-02-16,32.0,,,
412,2019-02-17,32.0,,,
413,2019-02-18,33.0,,,
414,2019-02-19,30.0,,,
415,2019-02-20,32.0,,,
416,2019-02-21,30.0,,,
417,2019-02-22,31.0,,,
418,2019-02-23,32.0,,,
419,2019-02-24,33.0,,,
420,2019-02-25,34.0,,,
421,2019-02-26,34.0,,,
422,2019-02-27,33.0,,,
423,2019-02-28,33.0,,,
424,2019-03-01,34.0,,,
425,2019-03-02,30.0,,,
426,2019-03-03,30.0,,,
427,2019-03-04,34.0,,,
428,2019-03-05,33.0,,,
429,2019-03-06,36.0,,,
430,2019-03-07,38.0,,,
431,2019-03-08,36.0,,,
432,2019-03-09,31.0,,,
433,2019-03-10,32.0,,,
434,2019-03-11,32.0,,,
435,2019-03-12,33.0,,,
436,2019-03-13,33.0,,,
437,2019-03-14,33.0,,,
438,2019-03-15,33.0,,,
439,2019-03-16,33.0,,,
440,2019-03-17,33.0,,,
441,2019-03-18,34.0,,,
442,2019-03-19,34.0,,,
443,2019-03-20,32.0,,,
444,2019-03-21,35.0,,,
445,2019-03-22,35.0,,,
446,2019-03-23,33.0,,,
447,2019-03-24,34.0,,,
448,2019-03-25,35.0,,,
449,2019-03-26,35.0,,,
450,2019-03-27,35.0,,,
451,2019-03-28,36.0,,,
452,2019-03-29,36.0,,,
453,2019-03-30,35.0,,,
454,2019-03-31,36.0,,,
455,2019-04-01,37.0,,,
456,2019-04-02,34.0,,,
457,2019-04-03,33.0,,,
458,2019-04-04,35.0,,,
459,2019-04-05,35.0,,,
460,2019-04-06,36.0,,,
461,2019-04-07,36.0,,,
462,2019-04-08,34.0,,,
463,2019-04-09,34.0,,,
464,2019-04-10,35.0,,,
465,2019-04-11,35.0,,,
466,2019-04-12,36.0,,,
467,2019-04-13,36.0,,,
468,2019-04-14,36.0,,,
469,2019-04-15,36.0,,,
470,2019-04-16,38.0,,,
471,2019-04-17,33.0,,,
472,2019-04-18,34.0,,,
473,2019-04-19,35.0,,,
474,2019-04-20,33.0,,,
475,2019-04-21,34.0,,,
476,2019-04-22,34.0,,,
477,2019-04-23,34.0,,,
478,2019-04-24,35.0,,,
479,2019-04-25,36.0,,,
480,2019-04-26,37.0,,,
481,2019-04-27,36.0,,,
482,2019-04-28,37.0,,,
483,2019-04-29,36.0,,,
484,2019-04-30,34.0,,,
485,2019-05-01,35.0,,,
486,2019-05-02,36.0,,,
487,2019-05-03,36.0,,,
488,2019-05-04,35.0,,,
489,2019-05-05,37.0,,,
490,2019-05-06,35.0,,,
491,2019-05-07,34.0,,,
492,2019-05-08,32.0,,,
493,2019-05-09,34.0,,,
494,2019-05-10,35.0,,,
495,2019-05-11,35.0,,,
496,2019-05-12,33.0,,,
497,2019-05-13,33.0,,,
498,2019-05-14,34.0,,,
499,2019-05-15,34.0,,,
500,2019-05-16,34.0,,,
501,2019-05-17,34.0,,,
502,2019-05-18,34.0,,,
503,2019-05-19,36.0,,,
504,2019-05-20,36.0,,,
505,2019-05-21,36.0,,,
506,2019-05-22,35.0,,,
507,2019-05-23,35.0,,,
508,2019-05-24,35.0,,,
509,2019-05-25,36.0,,,
510,2019-05-26,37.0,,,
511,2019-05-27,35.0,,,
512,2019-05-28,34.0,,,
513,2019-05-29,35.0,,,
514,2019-05-30,36.0,,,
515,2019-05-31,33.0,,,
516,2019-06-01,34.0,,,
517,2019-06-02,34.0,,,
518,2019-06-03,31.0,,,
519,2019-06-04,34.0,,,
520,2019-06-05,34.0,,,
521,2019-06-06,36.0,,,
522,2019-06-07,36.0,,,
523,2019-06-08,33.0,,,
524,2019-06-09,34.0,,,
525,2019-06-10,30.0,,,
526,2019-06-11,32.0,,,
527,2019-06-12,29.0,,,
528,2019-06-13,29.0,,,
529,2019-06-14,31.0,,,
530,2019-06-15,32.0,,,
531,2019-06-16,33.0,,,
532,2019-06-17,31.0,,,
533,2019-06-18,32.0,,,
534,2019-06-19,33.0,,,
535,2019-06-20,31.0,,,
536,2019-06-21,29.0,,,
537,2019-06-22,28.0,,,
538,2019-06-23,28.0,,,
539,2019-06-24,29.0,,,
540,2019-06-25,31.0,,,
541,2019-06-26,28.0,,,
542,2019-06-27,30.0,,,
543,2019-06-28,30.0,,,
544,2019-06-29,30.0,,,
545,2019-06-30,29.0,,,
546,2019-07-01,31.0,,,
547,2019-07-02,30.0,,,
548,2019-07-03,30.0,,,
549,2019-07-04,30.0,,,
550,2019-07-05,30.0,,,
551,2019-07-06,29.0,,,
552,2019-07-07,30.0,,,
553,2019-07-08,30.0,,,
554,2019-07-09,29.0,,,
555,2019-07-10,30.0,,,
556,2019-07-11,31.0,,,
557,2019-07-12,31.0,,,
558,2019-07-13,32.0,,,
559,2019-07-14,31.0,,,
560,2019-07-15,29.0,,,
561,2019-07-16,30.0,,,
562,2019-07-17,30.0,,,
563,2019-07-18,30.0,,,
564,2019-07-19,28.0,,,
565,2019-07-20,26.0,,,
566,2019-07-21,27.0,,,
567,2019-07-22,25.0,,,
568,2019-07-23,26.0,,,
569,2019-07-24,27.0,,,
570,2019-07-25,28.0,,,
571,2019-07-26,27.0,,,
572,2019-07-27,27.0,,,
573,2019-07-28,26.0,,,
574,2019-07-29,25.0,,,
575,2019-07-30,27.0,,,
576,2019-07-31,28.0,,,
577,2019-08-01,28.0,,,
578,2019-08-02,28.0,,,
579,2019-08-03,29.0,,,
580,2019-08-04,29.0,,,
581,2019-08-05,25.0,,,
582,2019-08-06,23.0,,,
583,2019-08-07,26.0,,,
584,2019-08-08,26.0,,,
585,2019-08-09,22.0,,,
586,2019-08-10,26.0,,,
587,2019-08-11,27.0,,,
588,2019-08-12,27.0,,,
589,2019-08-13,28.0,,,
590,2019-08-14,28.0,,,
591,2019-08-15,28.0,,,
592,2019-08-16,28.0,,,
593,2019-08-17,25.0,,,
594,2019-08-18,26.0,,,
595,2019-08-19,29.0,,,
596,2019-08-20,26.0,,,
597,2019-08-21,27.0,,,
598,2019-08-22,27.0,,,
599,2019-08-23,28.0,,,
600,2019-08-24,27.0,,,
601,2019-08-25,28.0,,,
602,2019-08-26,28.0,,,
603,2019-08-27,26.0,,,
604,2019-08-28,28.0,,,
605,2019-08-29,28.0,,,
606,2019-08-30,28.0,,,
607,2019-08-31,27.0,,,
608,2019-09-01,27.0,,,
609,2019-09-02,26.0,,,
610,2019-09-03,26.0,,,
611,2019-09-04,26.0,,,
612,2019-09-05,28.0,,,
613,2019-09-06,28.0,,,
614,2019-09-07,27.0,,,
615,2019-09-08,27.0,,,
616,2019-09-09,27.0,,,
617,2019-09-10,30.0,,,
618,2019-09-11,28.0,,,
619,2019-09-12,28.0,,,
620,2019-09-13,28.0,,,
621,2019-09-14,28.0,,,
622,2019-09-15,28.0,,,
623,2019-09-16,28.0,,,
624,2019-09-17,26.0,,,
625,2019-09-18,26.0,,,
626,2019-09-19,27.0,,,
627,2019-09-20,27.0,,,
628,2019-09-21,28.0,,,
629,2019-09-22,27.0,,,
630,2019-09-23,28.0,,,
631,2019-09-24,27.0,,,
632,2019-09-25,28.0,,,
633,2019-09-26,27.0,,,
634,2019-09-27,27.0,,,
635,2019-09-28,28.0,,,
636,2019-09-29,28.0,,,
637,2019-09-30,28.0,,,
638,2019-10-01,28.0,,,
639,2019-10-02,30.0,,,
640,2019-10-03,28.0,,,
641,2019-10-04,28.0,,,
642,2019-10-05,28.0,,,
643,2019-10-06,28.0,,,
644,2019-10-07,28.0,,,
645,2019-10-08,29.0,,,
646,2019-10-09,28.0,,,
647,2019-10-10,27.0,,,
648,2019-10-11,29.0,,,
649,2019-10-12,28.0,,,
650,2019-10-13,28.0,,,
651,2019-10-14,29.0,,,
652,2019-10-15,27.0,,,
653,2019-10-16,26.0,,,
654,2019-10-17,26.0,,,
655,2019-10-18,27.0,,,
656,2019-10-19,28.0,,,
657,2019-10-20,27.0,,,
658,2019-10-21,27.0,,,
659,2019-10-22,25.0,,,
660,2019-10-23,26.0,,,
661,2019-10-24,25.0,,,
662,2019-10-25,24.0,,,
663,2019-10-26,25.0,,,
664,2019-10-27,28.0,,,
665,2019-10-28,27.0,,,
666,2019-10-29,26.0,,,
667,2019-10-30,24.0,,,
668,2019-10-31,25.0,,,
669,2019-11-01,27.0,,,
670,2019-11-02,28.0,,,
671,2019-11-03,29.0,,,
672,2019-11-04,28.0,,,
673,2019-11-05,28.0,,,
674,2019-11-06,29.0,,,
675,2019-11-07,28.0,,,
676,2019-11-08,26.0,,,
677,2019-11-09,27.0,,,
678,2019-11-10,27.0,,,
679,2019-11-11,27.0,,,
680,2019-11-12,26.0,,,
681,2019-11-13,26.0,,,
682,2019-11-14,26.0,,,
683,2019-11-15,27.0,,,
684,2019-11-16,27.0,,,
685,2019-11-17,27.0,,,
686,2019-11-18,26.0,,,
687,2019-11-19,27.0,,,
688,2019-11-20,24.0,,,
689,2019-11-21,25.0,,,
690,2019-11-22,25.0,,,
691,2019-11-23,26.0,,,
692,2019-11-24,26.0,,,
693,2019-11-25,26.0,,,
694,2019-11-26,26.0,,,
695,2019-11-27,27.0,,,
696,2019-11-28,26.0,,,
697,2019-11-29,26.0,,,
698,2019-11-30,25.0,,,
699,2019-12-01,21.0,,,
700,2019-12-02,24.0,,,
701,2019-12-03,24.0,,,
702,2019-12-04,24.0,,,
703,2019-12-05,23.0,,,
704,2019-12-06,24.0,,,
705,2019-12-07,23.0,,,
706,2019-12-08,25.0,,,
707,2019-12-09,25.0,,,
708,2019-12-10,24.0,,,
709,2019-12-11,26.0,,,
710,2019-12-12,26.0,,,
711,2019-12-13,26.0,,,
712,2019-12-14,26.0,,,
713,2019-12-15,24.0,,,
714,2019-12-16,25.0,,,
715,2019-12-17,26.0,,,
716,2019-12-18,24.0,,,
717,2019-12-19,24.0,,,
718,2019-12-20,25.0,,,
719,2019-12-21,26.0,,,
720,2019-12-22,26.0,,,
721,2019-12-23,25.0,,,
722,2019-12-24,26.0,,,
723,2019-12-25,26.0,,,
724,2019-12-26,28.0,,,
725,2019-12-27,28.0,,,
726,2019-12-28,26.0,,,
727,2019-12-29,26.0,,,
728,2019-12-30,26.0,,,
729,2019-12-31,26.0,,,
730,2020-01-01,25.0,,,
731,2020-01-02,26.0,,,
732,2020-01-03,27.0,,,
733,2020-01-04,29.0,,,
734,2020-01-05,27.0,,,
735,2020-01-06,26.0,,,
736,2020-01-07,25.0,,,
737,2020-01-08,26.0,,,
738,2020-01-09,27.0,,,
739,2020-01-10,26.0,,,
740,2020-01-11,25.0,,,
741,2020-01-12,26.0,,,
742,2020-01-13,29.0,,,
743,2020-01-14,28.0,,,
744,2020-01-15,27.0,,,
745,2020-01-16,28.0,,,
746,2020-01-17,27.0,,,
747,2020-01-18,26.0,,,
748,2020-01-19,28.0,,,
749,2020-01-20,28.0,,,
750,2020-01-21,28.0,,,
751,2020-01-22,27.0,,,
752,2020-01-23,27.0,,,
753,2020-01-24,28.0,,,
754,2020-01-25,28.0,,,
755,2020-01-26,30.0,,,
756,2020-01-27,30.0,,,
757,2020-01-28,29.0,,,
758,2020-01-29,31.0,,,
759,2020-01-30,31.0,,,
760,2020-01-31,31.0,,,
761,2020-02-01,28.0,,,
762,2020-02-02,27.0,,,
763,2020-02-03,28.0,,,
764,2020-02-04,29.0,,,
765,2020-02-05,29.0,,,
766,2020-02-06,30.0,,,
767,2020-02-07,30.0,,,
768,2020-02-08,30.0,,,
769,2020-02-09,28.0,,,
770,2020-02-10,28.0,,,
771,2020-02-11,28.0,,,
772,2020-02-12,28.0,,,
773,2020-02-13,31.0,,,
774,2020-02-14,32.0,,,
775,2020-02-15,34.0,,,
776,2020-02-16,31.0,,,
777,2020-02-17,30.0,,,
778,2020-02-18,30.0,,,
779,2020-02-19,30.0,,,
780,2020-02-20,30.0,,,
781,2020-02-21,30.0,,,
782,2020-02-22,30.0,,,
783,2020-02-23,30.0,,,
784,2020-02-24,30.0,,,
785,2020-02-25,32.0,,,
786,2020-02-26,32.0,,,
787,2020-02-27,31.0,,,
788,2020-02-28,31.0,,,
789,2020-02-29,30.0,,,
790,2020-03-01,32.0,,,
791,2020-03-02,32.0,,,
792,2020-03-03,33.0,,,
793,2020-03-04,32.0,,,
794,2020-03-05,29.0,,,
795,2020-03-06,30.0,,,
796,2020-03-07,29.0,,,
797,2020-03-08,29.0,,,
798,2020-03-09,32.0,,,
799,2020-03-10,30.0,,,
800,2020-03-11,31.0,,,
801,2020-03-12,31.0,,,
802,2020-03-13,31.0,,,
803,2020-03-14,32.0,,,
804,2020-03-15,32.0,,,
805,2020-03-16,32.0,,,
806,2020-03-17,32.0,,,
807,2020-03-18,33.0,,,
808,2020-03-19,35.0,,,
809,2020-03-20,34.0,,,
810,2020-03-21,34.0,,,
811,2020-03-22,32.0,,,
812,2020-03-23,31.0,,,
813,2020-03-24,33.0,,,
814,2020-03-25,33.0,,,
815,2020-03-26,32.0,,,
816,2020-03-27,33.0,,,
817,2020-03-28,34.0,,,
818,2020-03-29,34.0,,,
819,2020-03-30,34.0,,,
820,2020-03-31,34.0,,,
821,2020-04-01,35.0,,,
822,2020-04-02,35.0,,,
823,2020-04-03,34.0,,,
824,2020-04-04,34.0,,,
825,2020-04-05,35.0,,,
826,2020-04-06,35.0,,,
827,2020-04-07,34.0,,,
828,2020-04-08,31.0,,,
829,2020-04-09,33.0,,,
830,2020-04-10,33.0,,,
831,2020-04-11,33.0,,,
832,2020-04-12,34.0,,,
833,2020-04-13,35.0,,,
834,2020-04-14,35.0,,,
835,2020-04-15,35.0,,,
836,2020-04-16,35.0,,,
837,2020-04-17,35.0,,,
838,2020-04-18,34.0,,,
839,2020-04-19,35.0,,,
840,2020-04-20,35.0,,,
841,2020-04-21,35.0,,,
842,2020-04-22,36.0,,,
843,2020-04-23,36.0,,,
844,2020-04-24,35.0,,,
845,2020-04-25,34.0,,,
846,2020-04-26,33.0,,,
847,2020-04-27,33.0,,,
848,2020-04-28,33.0,,,
849,2020-04-29,30.0,,,
850,2020-04-30,33.0,,,
851,2020-05-01,34.0,,,
852,2020-05-02,34.0,,,
853,2020-05-03,35.0,,,
854,2020-05-04,35.0,,,
855,2020-05-05,36.0,,,
856,2020-05-06,36.0,,,
857,2020-05-07,36.0,,,
858,2020-05-08,36.0,,,
859,2020-05-09,36.0,,,
860,2020-05-10,36.0,,,
861,2020-05-11,36.0,,,
862,2020-05-12,36.0,,,
863,2020-05-13,36.0,,,
864,2020-05-14,36.0,,,
865,2020-05-15,36.0,,,
866,2020-05-16,35.0,,,
867,2020-05-17,36.0,,,
868,2020-05-18,31.0,,,
869,2020-05-19,33.0,,,
870,2020-05-20,34.0,,,
871,2020-05-21,34.0,,,
872,2020-05-22,36.0,,,
873,2020-05-23,37.0,,,
874,2020-05-24,35.0,,,
875,2020-05-25,34.0,,,
876,2020-05-26,34.0,,,
877,2020-05-27,35.0,,,
878,2020-05-28,34.0,,,
879,2020-05-29,33.0,,,
880,2020-05-30,32.0,,,
881,2020-05-31,33.0,,,
882,2020-06-01,31.0,,,
883,2020-06-02,29.0,,,
884,2020-06-03,28.0,,,
885,2020-06-04,30.0,,,
886,2020-06-05,31.0,,,
887,2020-06-06,31.0,,,
888,2020-06-07,30.0,,,
889,2020-06-08,30.0,,,
890,2020-06-09,30.0,,,
891,2020-06-10,28.0,,,
892,2020-06-11,26.0,,,
893,2020-06-12,25.0,,,
894,2020-06-13,28.0,,,
895,2020-06-14,29.0,,,
896,2020-06-15,30.0,,,
897,2020-06-16,29.0,,,
898,2020-06-17,27.0,,,
899,2020-06-18,29.0,,,
900,2020-06-19,30.0,,,
901,2020-06-20,30.0,,,
902,2020-06-21,29.0,,,
903,2020-06-22,27.0,,,
904,2020-06-23,29.0,,,
905,2020-06-24,29.0,,,
906,2020-06-25,27.0,,,
907,2020-06-26,28.0,,,
908,2020-06-27,28.0,,,
909,2020-06-28,28.0,,,
910,2020-06-29,28.0,,,
911,2020-06-30,24.0,,,
912,2020-07-01,25.0,,,
913,2020-07-02,26.0,,,
914,2020-07-03,23.0,,,
915,2020-07-04,24.0,,,
916,2020-07-05,26.0,,,
917,2020-07-06,28.0,,,
918,2020-07-07,26.0,,,
919,2020-07-08,29.0,,,
920,2020-07-09,27.0,,,
921,2020-07-10,25.0,,,
922,2020-07-11,26.0,,,
923,2020-07-12,26.0,,,
924,2020-07-13,28.0,,,
925,2020-07-14,25.0,,,
926,2020-07-15,25.0,,,
927,2020-07-16,27.0,,,
928,2020-07-17,27.0,,,
929,2020-07-18,25.0,,,
930,2020-07-19,23.0,,,
931,2020-07-20,29.0,,,
932,2020-07-21,30.0,,,
933,2020-07-22,29.0,,,
934,2020-07-23,28.0,,,
935,2020-07-24,27.0,,,
936,2020-07-25,26.0,,,
937,2020-07-26,28.0,,,
938,2020-07-27,27.0,,,
939,2020-07-28,28.0,,,
940,2020-07-29,27.0,,,
941,2020-07-30,27.0,,,
942,2020-07-31,27.0,,,
943,2020-08-01,25.0,,,
944,2020-08-02,24.0,,,
945,2020-08-03,27.0,,,
946,2020-08-04,25.0,,,
947,2020-08-05,26.0,,,
948,2020-08-06,26.0,,,
949,2020-08-07,26.0,,,
950,2020-08-08,24.0,,,
951,2020-08-09,22.0,,,
952,2020-08-10,23.0,,,
953,2020-08-11,26.0,,,
954,2020-08-12,27.0,,,
955,2020-08-13,25.0,,,
956,2020-08-14,26.0,,,
957,2020-08-15,27.0,,,
958,2020-08-16,28.0,,,
959,2020-08-17,26.0,,,
960,2020-08-18,28.0,,,
961,2020-08-19,28.0,,,
962,2020-08-20,27.0,,,
963,2020-08-21,29.0,,,
964,2020-08-22,29.0,,,
965,2020-08-23,28.0,,,
966,2020-08-24,28.0,,,
967,2020-08-25,29.0,,,
968,2020-08-26,28.0,,,
969,2020-08-27,29.0,,,
970,2020-08-28,29.0,,,
971,2020-08-29,30.0,,,
972,2020-08-30,30.0,,,
973,2020-08-31,28.0,,,
974,2020-09-01,27.0,,,
975,2020-09-02,27.0,,,
976,2020-09-03,28.0,,,
977,2020-09-04,29.0,,,
978,2020-09-05,29.0,,,
979,2020-09-06,28.0,,,
980,2020-09-07,27.0,,,
981,2020-09-08,28.0,,,
982,2020-09-09,28.0,,,
983,2020-09-10,26.0,,,
984,2020-09-11,23.0,,,
985,2020-09-12,24.0,,,
986,2020-09-13,23.0,,,
987,2020-09-14,24.0,,,
988,2020-09-15,26.0,,,
989,2020-09-16,26.0,,,
990,2020-09-17,25.0,,,
991,2020-09-18,27.0,,,
992,2020-09-19,25.0,,,
993,2020-09-20,22.0,,,
994,2020-09-21,25.0,,,
995,2020-09-22,26.0,,,
996,2020-09-23,27.0,,,
997,2020-09-24,27.0,,,
998,2020-09-25,27.0,,,
999,2020-09-26,24.0,,,
1000,2020-09-27,26.0,,,
1001,2020-09-28,27.0,,,
1002,2020-09-29,27.0,,,
1003,2020-09-30,22.0,,,
1004,2020-10-01,25.0,,,
1005,2020-10-02,27.0,,,
1006,2020-10-03,26.0,,,
1007,2020-10-04,26.0,,,
1008,2020-10-05,27.0,,,
1009,2020-10-06,28.0,,,
1010,2020-10-07,28.0,,,
1011,2020-10-08,29.0,,,
1012,2020-10-09,28.0,,,
1013,2020-10-10,27.0,,,
1014,2020-10-11,20.0,,,
1015,2020-10-12,23.0,,,
1016,2020-10-13,24.0,,,
1017,2020-10-14,25.0,,,
1018,2020-10-15,25.0,,,
1019,2020-10-16,26.0,,,
1020,2020-10-17,27.0,,,
1021,2020-10-18,27.0,,,
1022,2020-10-19,27.0,,,
1023,2020-10-20,24.0,,,
1024,2020-10-21,26.0,,,
1025,2020-10-22,25.0,,,
1026,2020-10-23,25.0,,,
1027,2020-10-24,27.0,,,
1028,2020-10-25,27.0,,,
1029,2020-10-26,28.0,,,
1030,2020-10-27,27.0,,,
1031,2020-10-28,26.0,,,
1032,2020-10-29,26.0,,,
1033,2020-10-30,27.0,,,
1034,2020-10-31,27.0,,,
1035,2020-11-01,28.0,,,
1036,2020-11-02,28.0,,,
1037,2020-11-03,27.0,,,
1038,2020-11-04,27.0,,,
1039,2020-11-05,27.0,,,
1040,2020-11-06,27.0,,,
1041,2020-11-07,26.0,,,
1042,2020-11-08,25.0,,,
1043,2020-11-09,26.0,,,
1044,2020-11-10,26.0,,,
1045,2020-11-11,26.0,,,
1046,2020-11-12,26.0,,,
1047,2020-11-13,25.0,,,
1048,2020-11-14,26.0,,,
1049,2020-11-15,25.0,,,
1050,2020-11-16,26.0,,,
1051,2020-11-17,25.0,,,
1052,2020-11-18,26.0,,,
1053,2020-11-19,26.0,,,
1054,2020-11-20,26.0,,,
1055,2020-11-21,25.0,,,
1056,2020-11-22,25.0,,,
1057,2020-11-23,25.0,,,
1058,2020-11-24,25.0,,,
1059,2020-11-25,21.0,,,
1060,2020-11-26,20.0,,,
1061,2020-11-27,20.0,,,
1062,2020-11-28,23.0,,,
1063,2020-11-29,25.0,,,
1064,2020-11-30,25.0,,,
1065,2020-12-01,24.0,,,
1066,2020-12-02,25.0,,,
1067,2020-12-03,22.0,,,
1068,2020-12-04,25.0,,,
1069,2020-12-05,24.0,,,
1070,2020-12-06,25.0,,,
1071,2020-12-07,25.0,,,
1072,2020-12-08,25.0,,,
1073,2020-12-09,25.0,,,
1074,2020-12-10,24.0,,,
1075,2020-12-11,26.0,,,
1076,2020-12-12,26.0,,,
1077,2020-12-13,28.0,,,
1078,2020-12-14,27.0,,,
1079,2020-12-15,24.0,,,
1080,2020-12-16,25.0,,,
1081,2020-12-17,25.0,,,
1082,2020-12-18,26.0,,,
1083,2020-12-19,25.0,,,
1084,2020-12-20,24.0,,,
1085,2020-12-21,24.0,,,
1086,2020-12-22,24.0,,,
1087,2020-12-23,25.0,,,
1088,2020-12-24,26.0,,,
1089,2020-12-25,25.0,,,
1090,2020-12-26,27.0,,,
1091,2020-12-27,27.0,,,
1092,2020-12-28,26.0,,,
1093,2020-12-29,26.0,,,
1094,2020-12-30,26.0,,,
1095,2020-12-31,24.0,24.0,24.0,24.0
1096,2021-01-01,,25.572920675558418,22.793134299557224,28.352707051559612
1097,2021-01-02,,25.14970217306264,21.673300619951725,28.626103726173554
1098,2021-01-03,,25.193834236675055,21.137341019520207,29.250327453829904
1099,2021-01-04,,26.024767790813225,21.460062308782604,30.589473272843847
1100,2021-01-05,,27.048593598288075,22.02568806827182,32.07149912830433
1101,2021-01-06,,27.927317470155636,22.48357940219072,33.37105553812055
1102,2021-01-07,,26.202154484397575,20.366859790936722,32.03744917785843
1103,2021-01-08,,26.888096995966425,20.68497395683053,33.091220035102324
1104,2021-01-09,,27.030661899291204,20.47943961299886,33.58188418558355
1105,2021-01-10,,26.808574123342016,19.925986410045386,33.69116183663864
1106,2021-01-11,,25.741422842871895,18.541891507187056,32.94095417855674
1107,2021-01-12,,25.327059069812755,17.823177250001315,32.830940889624195
1108,2021-01-13,,26.680365432159363,18.883250464287435,34.47748040003129
1109,2021-01-14,,25.739846249023863,17.659404102861316,33.82028839518641
1110,2021-01-15,,25.61820373464768,17.263331611992314,33.973075857303044
1111,2021-01-16,,26.86311366985892,18.2418581927275,35.48436914699034
1112,2021-01-17,,27.916910715992298,19.03659348179178,36.79722795019282
1113,2021-01-18,,28.34204953416922,19.209368209686303,37.47473085865214
1114,2021-01-19,,27.965128579455897,18.586239336056444,37.34401782285535
1115,2021-01-20,,25.832576888945994,16.21316238334077,35.451991394551214
1116,2021-01-21,,25.360452665053504,15.505778667347327,35.21512666275968
1117,2021-01-22,,24.901188313356666,14.81615130769165,34.986225319021685
1118,2021-01-23,,25.85935735136873,15.54852487776252,36.17018982497494
1119,2021-01-24,,24.576737944366077,14.044383044586562,35.10909284414559
1120,2021-01-25,,23.836562436010293,13.086693266179948,34.58643160584064
1121,2021-01-26,,24.89385572036324,13.930241167950557,35.85747027277593
1122,2021-01-27,,24.54133977498292,13.367531747029654,35.71514780293619
1123,2021-01-28,,25.160640444776917,13.779993363089227,36.54128752646461
1124,2021-01-29,,25.304225513548765,13.71991345087449,36.888537576223044
1125,2021-01-30,,26.11388649657767,14.328918308141176,37.898854685014165
1126,2021-01-31,,26.67121749985413,14.6884502416842,38.65398475802406
1127,2021-02-01,,27.473463480489293,15.295614355833786,39.6513126051448
1128,2021-02-02,,27.809598124148213,15.439255159011982,40.17994108928444
1129,2021-02-03,,28.996638194366355,16.436269810653975,41.557006578078735
1130,2021-02-04,,28.645416266810276,15.897379895051063,41.393452638569485
1131,2021-02-05,,26.801896557888206,13.86844640980619,39.73534670597022
1132,2021-02-06,,26.259456190593944,13.142750293888511,39.37616208729938
1133,2021-02-07,,25.95341846131338,12.655525044183232,39.25131187844353
1134,2021-02-08,,26.546985083756315,13.069888384340448,40.02408178317218
1135,2021-02-09,,27.257938703859192,13.60354426941978,40.91233313829861
1136,2021-02-10,,28.985438095966146,15.155577627931427,42.81529856400086
1137,2021-02-11,,29.42486808521486,15.421303878841922,43.4284322915878
1138,2021-02-12,,29.93765912647155,15.762088147644132,44.11323010529897
1139,2021-02-13,,29.662161218271887,15.316218854626745,44.00810358191703
1140,2021-02-14,,28.295579922759647,13.78084344178292,42.81031640373637
1141,2021-02-15,,29.085406394461494,14.403398137288237,43.76741465163475
1142,2021-02-16,,28.142425492792178,13.294615829074978,42.99023515650938
1143,2021-02-17,,28.455298866319545,13.443108932621264,43.467488800017826
1144,2021-02-18,,29.29785682689124,14.12266106853272,44.47305258524976
1145,2021-02-19,,30.275745912913095,14.938874447010734,45.61261737881546
1146,2021-02-20,,30.99528744280616,15.498028258318756,46.492546627293564
1147,2021-02-21,,31.455979018101218,15.7995800270294,47.112378009173035
1148,2021-02-22,,31.47264045433137,15.658311406742888,47.28696950191985
1149,2021-02-23,,30.896747238166473,14.925661512427522,46.86783296390542
1150,2021-02-24,,31.342474261264663,15.215770539717472,47.46917798281186
1151,2021-02-25,,29.166894648097323,12.885678487416627,45.44811080877802
1152,2021-02-26,,27.90029375783733,11.46563906240592,44.33494845326874
1153,2021-02-27,,30.6445645971518,14.057515003002909,47.23161419130069
1154,2021-02-28,,30.464380716046453,13.725950892215835,47.20281053987707
1155,2021-03-01,,32.59439494761149,15.70557182111352,49.48321807410946
1156,2021-03-02,,34.08156343601847,17.04330734609921,51.11981952593773
1157,2021-03-03,,33.0102569754526,15.823502762270255,50.197011188634946
1158,2021-03-04,,30.68643227297439,13.352090305407007,48.02077424054177
1159,2021-03-05,,29.831381230977886,12.350338377853358,47.31242408410242
1160,2021-03-06,,29.55812205569972,11.931242604379065,47.185001507020374
1161,2021-03-07,,30.868121716376464,13.096248242292905,48.63999519046003
1162,2021-03-08,,30.047662087795963,12.13161627825599,47.96370789733594
1163,2021-03-09,,30.365893590199676,12.306477025484352,48.425310154914996
1164,2021-03-10,,30.22035300616934,12.018347900731147,48.42235811160754
1165,2021-03-11,,30.211933293848816,11.86810320017943,48.5557633875182
1166,2021-03-12,,31.03301517751613,12.54810565506034,49.51792469997192
1167,2021-03-13,,31.74510339031837,13.119842641627606,50.37036413900913
1168,2021-03-14,,31.889128387200536,13.124227863353688,50.654028911047384
1169,2021-03-15,,30.263034567819023,11.359189544987245,49.1668795906508
1170,2021-03-16,,32.001139130347646,12.95902925924177,51.04324900145352
1171,2021-03-17,,32.51433375402543,13.33462358383855,51.69404392421231
1172,2021-03-18,,31.3149029768841,11.998242455226283,50.631563498541915
1173,2021-03-19,,31.643722558000395,12.190747508216813,51.09669760778398
1174,2021-03-20,,31.73908276553627,12.150415342702683,51.32775018836986
1175,2021-03-21,,32.05690109471359,12.333150221514142,51.78065196791303
1176,2021-03-22,,32.781544522595865,12.923306306205937,52.639782738985794
1177,2021-03-23,,33.020543306474025,13.028401437495436,53.01268517545262
1178,2021-03-24,,33.020656272998416,12.895182407424645,53.14613013857219
1179,2021-03-25,,33.29521776208477,13.036971887209717,53.55346363695982
1180,2021-03-26,,33.52543284809299,13.134963633217403,53.91590206296858
1181,2021-03-27,,34.17965269759036,13.657497830325369,54.70180756485536
1182,2021-03-28,,32.73480437733199,12.081490886248417,53.38811786841556
1183,2021-03-29,,31.517254728911986,10.733299293237277,52.30121016458669
1184,2021-03-30,,32.450573080580234,11.53648232760112,53.36466383355935
1185,2021-03-31,,32.46447118177788,11.420741972566862,53.508200390988904
1186,2021-04-01,,32.87653872969607,11.703658433741978,54.04941902565017
1187,2021-04-02,,33.320612037757286,12.01905879704568,54.62216527846889
1188,2021-04-03,,32.37080034426242,10.941043327319004,53.80055736120583
1189,2021-04-04,,31.974646914862923,10.41714656124309,53.53214726848276
1190,2021-04-05,,31.988236801534963,10.30344505721456,53.67302854585537
1191,2021-04-06,,31.85551421667955,10.04387476077569,53.66715367258341
1192,2021-04-07,,33.60176273932954,11.663711202556037,55.53981427610304
1193,2021-04-08,,33.40809809298173,11.344062268220746,55.47213391774272
1194,2021-04-09,,33.308115101953234,11.118515147303668,55.4977150566028
1195,2021-04-10,,33.939266084771184,11.624514719414258,56.25401745012811
1196,2021-04-11,,35.384120062253146,12.944622755457157,57.82361736904913
1197,2021-04-12,,32.451260284496094,9.887415438064757,55.01510513092743
1198,2021-04-13,,31.715974558135663,9.028173682588289,54.40377543368304
1199,2021-04-14,,32.143020023887736,9.33164790864409,54.954392139131386
1200,2021-04-15,,31.004891425675744,8.0703263035041,53.939456547847385
1201,2021-04-16,,31.079204934122163,8.02181864009562,54.1365912281487
1202,2021-04-17,,31.788054463775367,8.608212588968872,54.967896338581866
1203,2021-04-18,,31.680211112890618,8.378273153039167,54.98214907274207
1204,2021-04-19,,32.094545487631216,8.670864986958673,55.518225988303755
1205,2021-04-20,,33.466660544569585,9.921585234986885,57.011735854152285
1206,2021-04-21,,34.18266580726156,10.516537743123315,57.8487938713998
1207,2021-04-22,,33.562010745257716,9.775166433856839,57.34885505665859
1208,2021-04-23,,33.98504959316874,10.077820121139919,57.892279065197556
1209,2021-04-24,,33.66160263629063,9.634313792085312,57.688891480495954
1210,2021-04-25,,32.2174562970269,8.070428689614456,56.36448390443934
1211,2021-04-26,,32.11152942059177,7.845078594534318,56.37798024664923
1212,2021-04-27,,32.267544969428144,7.881981516469448,56.653108422386836
1213,2021-04-28,,33.91970259714345,9.415332264445766,58.42407292984113
1214,2021-04-29,,33.55157592352513,8.928699718681631,58.17445212836863
1215,2021-04-30,,33.95451419953034,9.213428492474957,58.69559990658571
1216,2021-05-01,,33.23523698780112,8.376233609731937,58.094240365870306
1217,2021-05-02,,32.03720001361416,7.060566353041363,57.013833674186955
1218,2021-05-03,,30.588567363323367,5.494586459347744,55.68254826729899
1219,2021-05-04,,31.53214544579167,6.321096078714831,56.74319481286851
1220,2021-05-05,,31.9745147173068,6.646671496669974,57.302357937943626
1221,2021-05-06,,32.37221878769697,6.927852237840828,57.81658533755312
1222,2021-05-07,,31.00560284260639,5.444979485840449,56.56622619937233
1223,2021-05-08,,30.666100384199623,4.989482821665927,56.342717946733316
1224,2021-05-09,,31.472108027037308,5.679755017349358,57.26446103672526
1225,2021-05-10,,31.601680749487603,5.693847285222226,57.50951421375298
1226,2021-05-11,,31.588077788790635,5.565015170907099,57.61114040667417
1227,2021-05-12,,31.706281567100056,5.568237477357613,57.8443256568425
1228,2021-05-13,,31.658982860032648,5.406201431474827,57.91176428859047
1229,2021-05-14,,32.43226139075183,6.064983276322888,58.799539505180775
1230,2021-05-15,,33.17563231978766,6.694094759143933,59.65716988043138
1231,2021-05-16,,32.06193611468753,5.466372999263992,58.65749923011107
1232,2021-05-17,,32.867903184394926,6.158545120784588,59.577261248005264
1233,2021-05-18,,32.85301604239842,6.030090414100215,59.67594167069663
1234,2021-05-19,,32.610035093016506,5.673766120604736,59.546304065428274
1235,2021-05-20,,33.94143785150654,6.89204665127323,60.99082905173985
1236,2021-05-21,,34.424611704538336,7.262316345657471,61.586907063419204
1237,2021-05-22,,32.532771354592626,5.257786914853671,59.807755794331584
1238,2021-05-23,,31.699180320473847,4.311718940629834,59.086641700317855
1239,2021-05-24,,32.26482320264411,4.765094139418032,59.764552265870186
1240,2021-05-25,,33.42707688470994,5.8152865625014165,61.03886720691847
1241,2021-05-26,,31.13406599110246,3.41041805243513,58.85771392976979
1242,2021-05-27,,30.978112134298154,3.142807489046632,58.81341677954968
1243,2021-05-28,,30.76073161778764,2.8139684912215195,58.70749474435377
1244,2021-05-29,,30.006797918958913,1.9487718986398441,58.064823939277986
1245,2021-05-30,,30.45742069867215,2.288324780238689,58.62651661710561
1246,2021-05-31,,30.7735446182561,2.493569250129841,59.053519986382355
1247,2021-06-01,,31.77700400536631,3.3863371324114446,60.167670878321175
1248,2021-06-02,,33.47574287758443,4.97456998375187,61.97691577141699
1249,2021-06-03,,32.08015562484457,3.4686597748305523,60.69165147485859
1250,2021-06-04,,31.68962867860376,2.96799055855179,60.41126679865573
1251,2021-06-05,,29.007864379596807,0.17626233687085247,57.83946642232276
1252,2021-06-06,,29.615091101944262,0.6737011840000271,58.556481019888494
1253,2021-06-07,,27.654906117529478,-1.3960978900903385,56.705910125149295
1254,2021-06-08,,26.769424799222765,-2.391021737298555,55.92987133574408
1255,2021-06-09,,27.529282555831408,-1.740437137268426,56.799002248931245
1256,2021-06-10,,28.591860796846298,-0.7869648334460244,57.97068642713862
1257,2021-06-11,,30.43157941641069,0.9438129501081356,59.919345882713245
1258,2021-06-12,,29.23168394092008,-0.3648603444401495,58.82822822628032
1259,2021-06-13,,29.72323346930148,0.018072330842361595,59.428394607760595
1260,2021-06-14,,29.816625681443863,0.0030066373690615933,59.630244725518665
1261,2021-06-15,,28.36720620645396,-1.554713782408843,58.28912619531677
1262,2021-06-16,,27.797746147760154,-2.232319780577555,57.827812076097864
1263,2021-06-17,,26.78602677383119,-3.3520320137027255,56.924085561365104
1264,2021-06-18,,26.04976412390137,-4.19613633774722,56.29566458554996
1265,2021-06-19,,25.963229479845797,-4.390363336821675,56.316822296513266
1266,2021-06-20,,26.868990745916868,-3.5921469440570917,57.33012843589083
1267,2021-06-21,,26.263064025772174,-4.305472865170035,56.83160091671438
1268,2021-06-22,,27.49028316604761,-3.1855090354669144,58.16607536756214
1269,2021-06-23,,27.230445805769943,-3.5524595709938005,58.01335118253368
1270,2021-06-24,,27.36377664263416,-3.5261015028068208,58.25365478807514
1271,2021-06-25,,26.971840482091636,-4.024871728417558,57.96855269260083
1272,2021-06-26,,27.004982191766693,-4.098427057896405,58.10839144142979
1273,2021-06-27,,26.808616149081175,-4.401354766754533,58.018587064916886
1274,2021-06-28,,26.191448864777993,-5.124949972914109,57.507847702470094
1275,2021-06-29,,26.264120306751238,-5.158574313359388,57.686814926861864
1276,2021-06-30,,25.46590089816635,-6.0629589464857325,56.99476074281843
1277,2021-07-01,,24.15966791917568,-7.47522815084141,55.79456398919277
1278,2021-07-02,,26.0207017384608,-5.720103094031376,57.761506570952974
1279,2021-07-03,,26.420093520400904,-5.426494125983865,58.26668116678567
1280,2021-07-04,,26.078147083395695,-5.874098921051825,58.030393087843215
1281,2021-07-05,,25.075789241934523,-6.981992136357704,57.13357062022675
1282,2021-07-06,,26.74849407563984,-5.414701143153842,58.91168929443352
1283,2021-07-07,,25.925042322678074,-6.343446633805726,58.193531279161874
1284,2021-07-08,,25.773444457555918,-6.600219544380224,58.14710845949206
1285,2021-07-09,,26.36975736477056,-6.1089643813708,58.848479110911924
1286,2021-07-10,,25.902965314050775,-6.680698246822786,58.486628874924335
1287,2021-07-11,,27.13913327398782,-5.549357525060284,59.82762407303592
1288,2021-07-12,,26.182271102996378,-6.6109336920745,58.97547589806726
1289,2021-07-13,,26.32150427989245,-6.576302585286946,59.21931114507185
1290,2021-07-14,,26.014234270669988,-6.9880640371059854,59.01653257844596
1291,2021-07-15,,24.71305484767555,-8.393625556077538,57.81973525142864
1292,2021-07-16,,23.64819732355493,-9.562757093256348,56.8591517403662
1293,2021-07-17,,22.463564227234606,-10.851557366535104,55.778685821004316
1294,2021-07-18,,25.334705674895947,-8.084477489973697,58.753888839765594
1295,2021-07-19,,25.58984741082857,-7.933292933242399,59.112987754899535
1296,2021-07-20,,25.190524558874728,-8.43646977046729,58.817518888216746
1297,2021-07-21,,24.613442223285972,-9.117304079656947,58.34418852622889
1298,2021-07-22,,24.860832117191897,-8.973565314510573,58.69522954889437
1299,2021-07-23,,24.911728380680096,-9.0262204866088,58.84967724796899
1300,2021-07-24,,24.62987532675502,-9.411526419719607,58.671277073229646
1301,2021-07-25,,24.558368439931066,-9.586388751464064,58.703125631326195
1302,2021-07-26,,26.41296423669697,-7.835052073105128,60.66098054649906
1303,2021-07-27,,25.747182688218075,-8.603997507093041,60.09836288352919
1304,2021-07-28,,25.405178540518644,-9.049071387125206,59.85942846816249
1305,2021-07-29,,25.68557166372723,-8.87165490913781,60.24279823659227
1306,2021-07-30,,24.87938752597681,-9.780723657637552,59.53949870959117
1307,2021-07-31,,22.6035520469908,-12.159352752342492,57.36645684632409
1308,2021-08-01,,23.37268108904597,-11.492927357441182,58.23828953553312
1309,2021-08-02,,23.687169377332072,-11.281053761450263,58.655392516114404
1310,2021-08-03,,24.025810931802063,-11.044938945577002,59.09656080918113
1311,2021-08-04,,21.162300010631178,-14.010889640468342,56.3354896617307
1312,2021-08-05,,22.083830720906047,-13.191712715725632,57.35937415753773
1313,2021-08-06,,22.777868052135528,-12.599944146593383,58.155680250864435
1314,2021-08-07,,22.295565415196364,-13.18443147520891,57.77556230560164
1315,2021-08-08,,23.96727980063328,-11.61481865249371,59.54937825376027
1316,2021-08-09,,23.87087261059486,-11.81324520640488,59.554990427594596
1317,2021-08-10,,24.65659381497251,-11.129462085979775,60.442649715924794
1318,2021-08-11,,24.6072854069345,-11.280628205981706,60.49519901985071
1319,2021-08-12,,23.821031566800478,-12.168660283201618,59.810723416802574
1320,2021-08-13,,24.076645504958996,-12.01474599371307,60.16803700363106
1321,2021-08-14,,25.63273849718207,-10.560274937726827,61.82575193209097
1322,2021-08-15,,24.34923828085088,-11.945320243530741,60.6437968052325
1323,2021-08-16,,25.218596498379643,-11.177431124228345,61.61462412098763
1324,2021-08-17,,24.85723850952117,-11.640183065592385,61.35466008463473
1325,2021-08-18,,24.558482747942524,-12.040258469645114,61.157223965530164
1326,2021-08-19,,24.76408930371649,-11.935898072319773,61.46407667975275
1327,2021-08-20,,24.761410436231618,-12.039750430700355,61.562571303163594
1328,2021-08-21,,24.481243802670768,-12.421018694690126,61.38350630003166
1329,2021-08-22,,23.866223644547233,-13.137069420619454,60.86951670971392
1330,2021-08-23,,24.832573938970405,-12.271679420121515,61.936827298062326
1331,2021-08-24,,24.849495150535976,-12.355649008380627,62.05463930945258
1332,2021-08-25,,25.3856080589607,-11.920358176633364,62.69157429455476
1333,2021-08-26,,25.222770603527053,-12.18394974785717,62.629490954911276
1334,2021-08-27,,25.497844717032557,-12.009562542951791,63.005251977016904
1335,2021-08-28,,24.55523721335333,-13.052790493303931,62.16326492001059
1336,2021-08-29,,23.46015947796684,-14.248422950390328,61.16874190632401
1337,2021-08-30,,23.749832962558635,-14.059239191294516,61.558905116411786
1338,2021-08-31,,24.907962952290585,-13.001534651559606,62.81746055614077
1339,2021-09-01,,25.727391723557066,-12.282467767551037,63.737251214665164
1340,2021-09-02,,25.573780086599964,-12.53637843395818,63.68393860715811
1341,2021-09-03,,24.971965214123212,-13.238430175294287,63.182360603540715
1342,2021-09-04,,25.23586316399695,-13.07470762330465,63.54643395129855
1343,2021-09-05,,26.918521002437426,-11.492164393897045,65.3292063987719
1344,2021-09-06,,25.904435705040257,-12.606304186216683,64.41517559629719
1345,2021-09-07,,26.42580462031169,-12.184930319221255,65.03653955984464
1346,2021-09-08,,25.8185268199086,-12.892144381545297,64.5291980213625
1347,2021-09-09,,25.024009087616225,-13.786540242624884,63.83455841785734
1348,2021-09-10,,24.72412139354436,-14.186248578602076,63.63449136569079
1349,2021-09-11,,25.107018898902982,-13.903114867648046,64.11715266545401
1350,2021-09-12,,23.966845714787855,-15.142995631274548,63.07668706085026
1351,2021-09-13,,23.193883398092055,-16.015609938517684,62.403376734701794
1352,2021-09-14,,24.236584422265008,-15.072505935272428,63.54567477980244
1353,2021-09-15,,24.711027008495634,-14.697606013201451,64.11966003019272
1354,2021-09-16,,26.004490797950783,-13.503631137586996,65.51261273348857
1355,2021-09-17,,24.8827934075939,-14.724764291600977,64.49035110678878
1356,2021-09-18,,25.13560336544369,-14.571337541133428,64.8425442720208
1357,2021-09-19,,25.937764613669035,-13.868507531783276,65.74403675912134
1358,2021-09-20,,26.38744153752416,-13.518110460007385,66.2929935350557
1359,2021-09-21,,25.39374170988635,-14.611039328665477,65.39852274843818
1360,2021-09-22,,25.213284736042233,-14.890675102315136,65.31724457439961
1361,2021-09-23,,25.25267154806919,-14.950417412910358,65.45576050904874
1362,2021-09-24,,25.149333481958767,-15.152835482756561,65.4515024466741
1363,2021-09-25,,26.091316171994716,-14.3098842302098,66.49251657419923
1364,2021-09-26,,26.039660872875256,-14.460522947630285,66.5398446933808
1365,2021-09-27,,25.867584646985016,-14.731535114185121,66.46670440815515
1366,2021-09-28,,23.289558420007637,-17.408450340308924,63.9875671803242
1367,2021-09-29,,25.04388206110558,-15.752969287596184,65.84073340980734
1368,2021-09-30,,25.984402331077703,-14.911245720714497,66.88005038286991
1369,2021-10-01,,25.53836311032132,-15.45603627951224,66.53276250015489
1370,2021-10-02,,25.309262251165677,-15.783843626753665,66.40236812908502
1371,2021-10-03,,25.852982427993176,-15.338785598064966,67.04475045405133
1372,2021-10-04,,26.258237465832146,-15.03214887340792,67.54862380507221
1373,2021-10-05,,25.82288476865218,-15.56607654884965,67.21184608615401
1374,2021-10-06,,27.140332692814244,-14.347160763176714,68.6278261488052
1375,2021-10-07,,25.816618117087707,-15.769365127941079,67.40260136211649
1376,2021-10-08,,25.798824842290568,-15.88560632788202,67.48325601246316
1377,2021-10-09,,24.03416415980577,-17.74867355247077,65.8170018720823
1378,2021-10-10,,24.829194346439486,-17.052009001112367,66.71039769399134
1379,2021-10-11,,24.527988427410804,-17.451540120215007,66.50751697503662
1380,2021-10-12,,24.175530769419463,-17.90228301018045,66.25334454901937
1381,2021-10-13,,24.544005296553834,-17.632054209553274,66.72006480266094
1382,2021-10-14,,25.27647810889271,-16.99778807647533,67.55074429426075
1383,2021-10-15,,25.023406215692297,-17.349028055554214,67.39584048693881
1384,2021-10-16,,25.10100505740735,-17.36955915589661,67.57156927071131
1385,2021-10-17,,24.35543731713924,-18.21321913971387,66.92409377399235
1386,2021-10-18,,23.530580167455028,-19.13613127555584,66.1972916104659
1387,2021-10-19,,24.085246370807106,-18.67948323794308,66.84997597955729
1388,2021-10-20,,22.757188750844822,-20.105522636106517,65.61990013779617
1389,2021-10-21,,23.424903842023035,-19.535753364429233,66.3855610484753
1390,2021-10-22,,25.28269338467814,-17.775874107420023,68.3412608767763
1391,2021-10-23,,25.093971438762914,-18.062471226027377,68.2504141035532
1392,2021-10-24,,24.62665061580977,-18.627632525724355,67.8809337573439
1393,2021-10-25,,23.219189836880044,-20.13289949860655,66.57127917236664
1394,2021-10-26,,22.62947422763613,-20.820387428366622,66.07933588363889
1395,2021-10-27,,23.765029859709298,-19.782570648972364,67.31263036839096
1396,2021-10-28,,24.663797154219033,-18.981509141192547,68.30910344963061
1397,2021-10-29,,25.367124069093528,-18.375855345320964,69.11010348350803
1398,2021-10-30,,25.0513059017579,-18.789314358532053,68.89192616204785
1399,2021-10-31,,25.08086626426345,-18.857362959794784,69.01909548832168
1400,2021-11-01,,25.272573467270224,-18.763233225932662,69.3083801604731
1401,2021-11-02,,25.129551104715716,-19.003801946996916,69.26290415642835
1402,2021-11-03,,24.681769713397657,-19.54909896672494,68.91263839352025
1403,2021-11-04,,24.71684610717974,-19.61150784837527,69.04520006273475
1404,2021-11-05,,24.38694041815554,-20.03886883360368,68.81274966991475
1405,2021-11-06,,24.295849080480124,-20.22738585867105,68.8190840196313
1406,2021-11-07,,25.428737364620005,-19.191894020232276,70.04936874947228
1407,2021-11-08,,24.543993431897235,-20.174005520830484,69.26199238462496
1408,2021-11-09,,23.142371200245663,-21.672966803178497,67.95770920366982
1409,2021-11-10,,24.136489361885392,-20.776159532521635,69.04913825629242
1410,2021-11-11,,24.221104695650098,-20.788827284346958,69.23103667564715
1411,2021-11-12,,24.393796201134872,-20.7133914102716,69.50098381254135
1412,2021-11-13,,23.855350594328662,-21.349065542445906,69.05976673110322
1413,2021-11-14,,23.985688164418047,-21.31592973678472,69.28730606562081
1414,2021-11-15,,21.156393447812313,-24.242399798976948,66.55518669460157
1415,2021-11-16,,22.409865675936132,-23.086076836726882,67.90580818859914
1416,2021-11-17,,23.255040228429692,-22.33802580658773,68.84810626344711
1417,2021-11-18,,23.928318350210056,-21.76184579693333,69.61848249735344
1418,2021-11-19,,23.794561285061654,-21.992675894400328,69.58179846452364
1419,2021-11-20,,23.29647240665926,-22.587813052897364,69.18075786621588
1420,2021-11-21,,23.45275018118143,-22.528559131023385,69.43405949338624
1421,2021-11-22,,23.580470317320124,-22.497838742089282,69.65877937672953
1422,2021-11-23,,22.8545545389551,-23.320730481474378,69.02983955938458
1423,2021-11-24,,23.53232707819896,-22.739910433611726,69.80456459000965
1424,2021-11-25,,23.19407914112275,-23.175087706292565,69.56324598853806
1425,2021-11-26,,21.546155095419476,-24.919918243032324,68.01222843387127
1426,2021-11-27,,22.499543566892704,-24.06341372661123,69.06250086039664
1427,2021-11-28,,22.509205309029774,-24.150613709529793,69.16902432758934
1428,2021-11-29,,22.297975573112424,-24.458683243926586,69.05463439015143
1429,2021-11-30,,22.698529752932206,-24.154947236890774,69.55200674275518
1430,2021-12-01,,22.269376157577096,-24.68089767770311,69.2196499928573
1431,2021-12-02,,23.564793377629446,-23.482256271665182,70.61184302692408
1432,2021-12-03,,23.40152272673997,-23.74228199855225,70.54532745203218
1433,2021-12-04,,23.743990127658194,-23.496549226609297,70.98452948192568
1434,2021-12-05,,22.832590707214447,-24.504663117595154,70.16984453202404
1435,2021-12-06,,23.410910964202223,-24.02303745892585,70.8448593873303
1436,2021-12-07,,23.841051470638455,-23.68957196243985,71.37167490371675
1437,2021-12-08,,23.04118932684184,-24.586089809344674,70.66846846302836
1438,2021-12-09,,23.52502101805729,-24.198894793617317,71.2489368297319
1439,2021-12-10,,22.358262822144933,-25.46227091433956,70.17879655862943
1440,2021-12-11,,23.39384468049391,-24.523288504808274,71.31097786579609
1441,2021-12-12,,23.649982200021196,-24.36373223056042,71.66369663060281
1442,2021-12-13,,22.41043846985849,-25.699839272709532,70.52071621242652
1443,2021-12-14,,22.81146546874408,-25.395357920577023,71.01828885806518
1444,2021-12-15,,23.366763205189706,-24.936588431548152,71.67011484192756
1445,2021-12-16,,23.79292498471228,-24.606937763862852,72.19278773328742
1446,2021-12-17,,23.6816505215466,-24.81470646492523,72.17800750801842
1447,2021-12-18,,23.65055078723851,-24.942283822732367,72.2433853972094
1448,2021-12-19,,24.715998562999143,-23.973297313541725,73.40529443954001
1449,2021-12-20,,23.914194842362537,-24.87154619923496,72.69993588396004
1450,2021-12-21,,24.99862138549223,-23.883548973032326,73.88079174401679
1451,2021-12-22,,23.332083680062475,-25.64650039863244,72.31066775875739
1452,2021-12-23,,22.094959005319513,-26.980023446171433,71.16994145681046
1453,2021-12-24,,22.816448708778378,-26.35491701554651,71.98781443310327
1454,2021-12-25,,22.81334511764844,-26.454389025010457,72.08107926030733
1455,2021-12-26,,21.88405448145545,-27.48003346856933,71.24814243148023
1456,2021-12-27,,22.45605545984239,-27.004371928201195,71.91648284788597
1457,2021-12-28,,22.83538063055292,-26.721372065891906,72.39213332699774
1458,2021-12-29,,22.79133909353753,-26.861725019548047,72.44440320662311
1459,2021-12-30,,24.361651144121737,-25.43554852237539,74.15885081061887
1460,2021-12-31,,23.93843264162596,-25.954959046810288,73.8318243300622
1461,2022-01-01,,23.982564705238374,-26.007006183924744,73.9721355944015
1462,2022-01-02,,24.81349825937654,-25.27223923744228,74.89923575619537
1463,2022-01-03,,25.837324066851394,-24.34456767093465,76.01921580463744
1464,2022-01-04,,26.716047938718955,-23.561985897987473,76.99408177542539
1465,2022-01-05,,24.990884952960894,-25.3832790635369,75.36504896945868
1466,2022-01-06,,25.676827464529744,-24.793455033841283,76.14710996290077
1467,2022-01-07,,25.81939236785452,-24.74699713399233,76.38578186970136
1468,2022-01-08,,25.597304591905335,-25.06518065286705,76.25978983667773
1469,2022-01-09,,24.530153311435214,-26.228416631902206,75.28872325477263
1470,2022-01-10,,24.115789538376077,-26.7388542737145,74.97043335046666
1471,2022-01-11,,25.469095900722685,-25.481611163232607,76.41980296467798
1472,2022-01-12,,24.52857671758718,-26.518183192658277,75.57533662783263
1473,2022-01-13,,24.406934203211,-26.735868357470054,75.54973676389206
1474,2022-01-14,,25.651844138422238,-25.586991084981268,76.89067936182575
1475,2022-01-15,,26.705641184555617,-24.629216920435162,78.0404992895464
1476,2022-01-16,,27.130780002732543,-24.300091407739963,78.56165141320506
1477,2022-01-17,,26.753859048019212,-24.77301629532546,78.28073439136388
1478,2022-01-18,,24.621307357509313,-27.001562748074985,76.2441774630936
1479,2022-01-19,,24.149183133616823,-27.569672764047112,75.86803903128076
1480,2022-01-20,,23.689918781919985,-28.124914136645934,75.50475170048591
1481,2022-01-21,,24.648087819932048,-27.262713545864425,76.55888918572852
1482,2022-01-22,,23.365468412929392,-28.641293022470297,75.37222984832908
1483,2022-01-23,,22.625292904573612,-29.477420417397674,74.72800622654489
1484,2022-01-24,,23.68258618892656,-28.516071029745714,75.88124340759883
1485,2022-01-25,,23.33007024354624,-28.964523073696107,75.62466356078858
1486,2022-01-26,,23.949370913340235,-28.44115089467302,76.3398927213535
1487,2022-01-27,,24.09295598211208,-28.393486897809808,76.57939886203397
1488,2022-01-28,,24.90261696514099,-27.679739755382368,77.48497368566434
1489,2022-01-29,,25.45994796841745,-27.21831554758626,78.13821148442116
1490,2022-01-30,,26.262193949052612,-26.51196950214015,79.03635740024538
1491,2022-01-31,,26.598328592711532,-26.271728116865,79.46838530228806
1492,2022-02-01,,27.78536866292967,-25.180574810380016,80.75131213623936
1493,2022-02-02,,27.434146735373595,-25.627677187854204,80.4959706586014
1494,2022-02-03,,25.590627026451525,-27.56707121240795,78.748325265311
1495,2022-02-04,,25.048186659157263,-28.20537993928102,78.30175325759555
1496,2022-02-05,,24.7421489298767,-28.60728024903794,78.09157810879134
1497,2022-02-06,,25.33571555231963,-28.10957060364785,78.7810017082871
1498,2022-02-07,,26.04666917242251,-27.49446853159334,79.58780687643836
1499,2022-02-08,,27.774168564529464,-25.86281543170087,81.4111525607598
1500,2022-02-09,,28.21359855377818,-25.519226650766182,81.94642375832254
1501,2022-02-10,,28.726389595034874,-25.102271904630513,82.55505109470026
1502,2022-02-11,,28.450891686835202,-25.473601364250744,82.37538473792115
1503,2022-02-12,,27.084310391322965,-26.936009635771605,81.10463041841754
1504,2022-02-13,,27.874136863024813,-26.242005731761804,81.99027945781143
1505,2022-02-14,,26.931155961355497,-27.28080495871944,81.14311688143043
1506,2022-02-15,,27.244029334882864,-27.063745832817585,81.55180450258331
1507,2022-02-16,,28.086587295454557,-26.31699820578801,82.49017279669712
1508,2022-02-17,,29.064476381476414,-25.43491570165313,83.56386846460596
1509,2022-02-18,,29.784017911369478,-24.811177163279208,84.37921298601816
1510,2022-02-19,,30.244709486664537,-24.446285149291942,84.93570412262102
1511,2022-02-20,,30.261370922894688,-24.525420003193805,85.04816184898318
1512,2022-02-21,,29.685477706729788,-25.197106396239587,84.56806180969916
1513,2022-02-22,,30.13120472982798,-24.847169593594575,85.10957905325054
1514,2022-02-23,,27.95562511666064,-27.118536626519273,83.02978685984056
1515,2022-02-24,,26.689024226400647,-28.48092229049071,81.858970743292
1516,2022-02-25,,29.433295065715118,-25.832433732419116,84.69902386384935
1517,2022-02-26,,29.25311118460977,-26.10839755481296,84.6146199240325
1518,2022-02-27,,31.383125416174813,-24.074161076042294,86.84041190839193
1519,2022-02-28,,32.870293904581786,-22.682768302351015,88.42335611151458
1520,2022-03-01,,31.79898744401592,-23.849848588933646,87.44782347696548
1521,2022-03-02,,29.47516274153771,-26.269445377082597,85.21977086015801
1522,2022-03-03,,28.6201116995412,-27.220266911738843,84.46049031082124
1523,2022-03-04,,28.34685252426304,-27.58929513299154,84.28300018151762
1524,2022-03-05,,29.65685218493978,-26.375063216929448,85.688767586809
1525,2022-03-06,,28.836392556359282,-27.29128943309806,84.96407454581663
1526,2022-03-07,,29.154624058762995,-27.06882350460584,85.37807162213183
1527,2022-03-08,,29.00908347473266,-27.310128791245884,85.3282957407112
1528,2022-03-09,,29.000663762412135,-27.41431247628238,85.41564000110665
1529,2022-03-10,,29.821745646079446,-26.688993975886806,86.3324852680457
1530,2022-03-11,,30.533833858881692,-26.072668696411107,87.1403364141745
1531,2022-03-12,,30.67785885576385,-26.024406321466984,87.38012403299469
1532,2022-03-13,,29.05176503638234,-27.746262589020223,85.8497926617849
1533,2022-03-14,,30.78986959891096,-26.10392043759267,87.68365963541459
1534,2022-03-15,,31.30306422258874,-25.68648832372215,88.29261676889963
1535,2022-03-16,,30.103633445447418,-26.98168184424271,87.18894873513754
1536,2022-03-17,,30.432453026563714,-26.74862537403994,87.61353142716737
1537,2022-03-18,,30.52781323409959,-26.74902877801828,87.80465524621746
1538,2022-03-19,,30.845631563276907,-26.526974693133827,88.21823781968764
1539,2022-03-20,,31.570274991159177,-25.898096273620002,89.03864625593836
1540,2022-03-21,,31.80927377503734,-25.754863392609018,89.3734109426837
1541,2022-03-22,,31.809386741561735,-25.850517353007216,89.46929083613068
1542,2022-03-23,,32.08394823064808,-25.671723943596177,89.83962040489234
1543,2022-03-24,,32.314163316656305,-25.537278217861065,90.16560485117367
1544,2022-03-25,,32.96838316615368,-24.97882913623443,90.9155954685418
1545,2022-03-26,,31.523534845895306,-26.519449758122704,89.56651944991332
1546,2022-03-27,,30.305985197475305,-27.83277336726189,88.4447437622125
1547,2022-03-28,,31.239303549143553,-26.995230759907603,89.47383785819471
1548,2022-03-29,,31.253201650341204,-27.077110310306303,89.58351361098872
1549,2022-03-30,,31.665269198259388,-26.76082244414326,90.09136084066203
1550,2022-03-31,,32.1093425063206,-26.412530970067714,90.63121598270891
1551,2022-04-01,,31.159530812825743,-27.45812677105247,89.77718839670396
1552,2022-04-02,,30.763377383426242,-27.950066701928126,89.47682146878061
1553,2022-04-03,,30.776967270098282,-28.032265830415305,89.58620037061186
1554,2022-04-04,,30.644244685242864,-28.260780063030925,89.54926943351666
1555,2022-04-05,,32.39049320789286,-26.610325938887406,91.39131235467312
1556,2022-04-06,,32.196828561545054,-26.89978785186682,91.29344497495693
1557,2022-04-07,,32.09684557051656,-27.095571094270667,91.28926223530378
1558,2022-04-08,,32.7279965533345,-26.56022346343621,92.0162165701052
1559,2022-04-09,,34.17285053081646,-25.211176053662143,93.55687711529507
1560,2022-04-10,,31.239990753059413,-28.239845729225532,90.71982723534435
1561,2022-04-11,,30.504705026698986,-29.070944797128497,90.08035485052648
1562,2022-04-12,,30.931750492451055,-28.73971622956248,90.60321721446459
1563,2022-04-13,,29.79362189423906,-29.97366539478668,89.5609091832648
1564,2022-04-14,,29.86793540268548,-29.99517623364235,89.7310470390133
1565,2022-04-15,,30.576784932338686,-29.382154942331578,90.53572480700895
1566,2022-04-16,,30.46894158145394,-29.585830532641964,90.52371369554984
1567,2022-04-17,,30.88327595619453,-29.26733250775097,91.03388442014003
1568,2022-04-18,,32.2553910131329,-27.99105801973039,92.50184004599619
1569,2022-04-19,,32.97139627582487,-27.370897652977504,93.31369020462725
1570,2022-04-20,,32.35074121382104,-28.08740204520913,92.78888447285121
1571,2022-04-21,,32.77378006173206,-27.7602170684017,93.30777719186582
1572,2022-04-22,,32.45033310485395,-28.17952254317121,93.08018875287911
1573,2022-04-23,,31.00618676559022,-29.719532152356376,91.73190568353681
1574,2022-04-24,,30.900259889155087,-29.921327155320597,91.72184693363077
1575,2022-04-25,,31.056275437991467,-29.86118469353913,91.97373556952206
1576,2022-04-26,,32.70843306570677,-28.304905216668374,93.72177134808192
1577,2022-04-27,,32.34030639208845,-28.76891520753535,93.44952799171224
1578,2022-04-28,,32.74324466809366,-28.46186551715312,93.94835485334045
1579,2022-04-29,,32.02396745636444,-29.27703668421045,93.32497159693932
1580,2022-04-30,,30.825930482177483,-30.57097308412701,92.22283404848199
1581,2022-05-01,,29.377297831886686,-32.11551073061571,90.87010639438908
1582,2022-05-02,,30.320875914354993,-31.267843314255586,91.90959514296557
1583,2022-05-03,,30.76324518587012,-30.921390477580907,92.44788084932114
1584,2022-05-04,,31.160949256260288,-30.61960870897012,92.9415072214907
1585,2022-05-05,,29.79433331116971,-32.08215292037508,91.6708195427145
1586,2022-05-06,,29.454830852762942,-32.51758970662131,91.4272514121472
1587,2022-05-07,,30.260838495600627,-31.80752254953683,92.32919954073809
1588,2022-05-08,,30.39041121805092,-31.773896566545346,92.55471900264719
1589,2022-05-09,,30.37680825735395,-31.883452615606195,92.6370691303141
1590,2022-05-10,,30.495012035663375,-31.86120836917728,92.85123244050403
1591,2022-05-11,,30.447713328595967,-32.004473145669984,92.89989980286191
1592,2022-05-12,,31.220991859315152,-31.327167315369895,93.7691510340002
1593,2022-05-13,,31.96436278835098,-30.67977581062124,94.6085013873232
1594,2022-05-14,,30.85066658325085,-31.889458256180454,93.59079142268214
1595,2022-05-15,,31.65663365295824,-31.179484334841668,94.49275164075814
1596,2022-05-16,,31.641746510961738,-31.290371624291957,94.57386464621544
1597,2022-05-17,,31.398765561579825,-31.629359810830667,94.42689093399032
1598,2022-05-18,,32.73016832006986,-30.39397146926462,95.85430810940434
1599,2022-05-19,,33.21334217310165,-30.006819302438643,96.43350364864195
1600,2022-05-20,,31.32150182315594,-31.994688696841095,94.63769234315298
1601,2022-05-21,,30.487910789037166,-32.92431622209522,93.90013780016955
1602,2022-05-22,,31.053553671207425,-32.454717365629094,94.56182470804394
1603,2022-05-23,,32.21580735327326,-31.38851533119285,95.82013003773937
1604,2022-05-24,,29.922796459665776,-33.77758558118242,93.62317850051397
1605,2022-05-25,,29.766842602861473,-34.02960658942267,93.56329179514562
1606,2022-05-26,,29.549462086350964,-34.343062138202434,93.44198631090435
1607,2022-05-27,,28.795528387522232,-35.19307883539513,92.78413561043959
1608,2022-05-28,,29.246151167235467,-34.83854710488768,93.33084943935862
1609,2022-05-29,,29.562275086819415,-34.618522369587936,93.74307254322676
1610,2022-05-30,,30.56573447392963,-33.71117038557008,94.84263933342933
1611,2022-05-31,,32.264473346147746,-32.10854721847905,96.63749391077454
1612,2022-06-01,,30.86888609340789,-33.600258561107864,95.33803074792365
1613,2022-06-02,,30.478359147167083,-34.08691806423063,95.0436363585648
1614,2022-06-03,,27.796594848160122,-36.86482346885147,92.45801316517172
1615,2022-06-04,,28.40382157050758,-36.353746482099886,93.16138962311504
1616,2022-06-05,,26.443636586092797,-38.41008991285737,91.29736308504296
1617,2022-06-06,,25.558155267786084,-39.391738468536694,90.50804900410887
1618,2022-06-07,,26.31801302439473,-38.72805682013528,91.36408286892474
1619,2022-06-08,,27.380591265409613,-37.76166363749214,92.52284616831136
1620,2022-06-09,,29.220309884974007,-36.01813910532234,94.45875887527035
1621,2022-06-10,,28.0204144094834,-37.314237775620576,93.35506659458738
1622,2022-06-11,,28.5119639378648,-36.91890062738525,93.94282850311484
1623,2022-06-12,,28.605356150007182,-36.921730058191216,94.13244235820558
1624,2022-06-13,,27.155936675017276,-38.467380515937464,92.77925386597201
1625,2022-06-14,,26.586476616323473,-39.13308097374621,92.30603420639315
1626,2022-06-15,,25.574757242394508,-40.24105023924764,91.39056472403666
1627,2022-06-16,,24.838494592464688,-41.073572348857766,90.75056153378713
1628,2022-06-17,,24.751959948409116,-41.256376095906326,90.76029599272456
1629,2022-06-18,,25.657721214480183,-40.44689365090358,91.76233607986396
1630,2022-06-19,,25.051794494335493,-41.14910898451534,91.25269797318633
1631,2022-06-20,,26.27901363461093,-40.018188323993016,92.57621559321488
1632,2022-06-21,,26.01917627433326,-40.374334103764156,92.41268665243068
1633,2022-06-22,,26.15250711119748,-40.337321699158,92.64233592155296
1634,2022-06-23,,25.76057095065495,-40.825586377320406,92.34672827863031
1635,2022-06-24,,25.793712660330012,-40.88878334280027,92.4762086634603
1636,2022-06-25,,25.59734661764449,-41.1814982899278,92.37619152521678
1637,2022-06-26,,24.98017933334131,-41.89502477929403,91.85538344597666
1638,2022-06-27,,25.052850775314557,-41.918722913923546,92.02442446455265
1639,2022-06-28,,24.254631366729665,-42.813322341157075,91.32258507461641
1640,2022-06-29,,22.948398387738997,-44.21594585093904,90.11274262641703
1641,2022-06-30,,24.80943220702412,-42.45131314427779,92.07017755832602
1642,2022-07-01,,25.208823988964223,-42.14833312608019,92.56598110400864
1643,2022-07-02,,24.866877551959014,-42.58670204683144,92.32045715074946
1644,2022-07-03,,23.86451971049784,-43.685493160528694,91.41453258152438
1645,2022-07-04,,25.53722454420316,-42.109232455640324,93.18368154404664
1646,2022-07-05,,24.71377279124139,-43.029139261697814,92.45668484418059
1647,2022-07-06,,24.562174926119237,-43.27720317150204,92.40155302374052
1648,2022-07-07,,25.15848783333388,-42.77736736747586,93.09434303414362
1649,2022-07-08,,24.69169578261409,-43.34064764642552,92.7240392116537
1650,2022-07-09,,25.92786374255114,-42.20097910591245,94.05670659101473
1651,2022-07-10,,24.971001571559697,-43.254351953294886,93.19635509641428
1652,2022-07-11,,25.11023474845577,-43.211640775152574,93.43211027206411
1653,2022-07-12,,24.802964739233307,-43.615444170512674,93.22137364897928
1654,2022-07-13,,23.50178531623887,-45.01316843167763,92.01673906415536
1655,2022-07-14,,22.436927792118247,-46.174582310281075,91.04843789451758
1656,2022-07-15,,21.25229469579792,-47.455783341308866,89.96037273290472
1657,2022-07-16,,24.123436143459266,-44.68122147212731,92.92809375904585
1658,2022-07-17,,24.378577879391887,-44.522671021632334,93.2798267804161
1659,2022-07-18,,23.979255027438043,-45.01859692880738,92.97710698368347
1660,2022-07-19,,23.40217269184929,-45.69229415186935,92.49663953556792
1661,2022-07-20,,23.649562585755213,-45.541531039802074,92.8406562113125
1662,2022-07-21,,23.700458849243415,-45.587273514278806,92.98819121276564
1663,2022-07-22,,23.418605795318335,-45.96577732370573,92.8029889143424
1664,2022-07-23,,23.347098908494385,-46.133947044631114,92.82814486161989
1665,2022-07-24,,25.201694705260287,-44.37602622128336,94.77941563180394
1666,2022-07-25,,24.53591315678139,-45.13849494287089,94.21032125643367
1667,2022-07-26,,24.193909009081963,-45.5771985234022,93.96501654156613
1668,2022-07-27,,24.47430213229055,-45.39351715244271,94.3421214170238
1669,2022-07-28,,23.668117994540125,-46.29642542121685,93.6326614102971
1670,2022-07-29,,21.39228251555412,-48.66899746902432,91.45356250013255
1671,2022-07-30,,22.161411557609284,-47.996617492279285,92.31944060749785
1672,2022-07-31,,22.47589984589539,-47.77889082415306,92.73069051594385
1673,2022-08-01,,22.814541400365382,-47.53702350272589,93.16610630345666
1674,2022-08-02,,19.951030479194497,-50.49732132753019,90.39938228591919
1675,2022-08-03,,20.872561189469366,-49.672590248863415,91.41771262780215
1676,2022-08-04,,21.566598520698843,-49.075365334279425,92.20856237567712
1677,2022-08-05,,21.084295883759683,-49.6544932296449,91.82308499716426
1678,2022-08-06,,22.756010269196594,-48.07961700084135,93.59163753923454
1679,2022-08-07,,22.659603079158178,-48.272875301831235,93.59208146014758
1680,2022-08-08,,23.44532428353583,-47.584018218521095,94.47466678559275
1681,2022-08-09,,23.396015875497817,-47.730203813229544,94.52223556422518
1682,2022-08-10,,22.609762035363794,-48.61334796081477,93.83287203154237
1683,2022-08-11,,22.86537597352232,-48.45463750575894,94.18538945280358
1684,2022-08-12,,24.42146896574539,-46.99546122685571,95.83839915834649
1685,2022-08-13,,23.1379687494142,-48.37589144098649,94.65182893981489
1686,2022-08-14,,24.00732696694296,-47.60347655969845,95.61813049358436
1687,2022-08-15,,23.64596897808449,-48.06179127690093,95.35372923306991
1688,2022-08-16,,23.347213216505843,-48.457517212291684,95.15194364530336
1689,2022-08-17,,23.552819772279804,-48.34889432886743,95.45453387342704
1690,2022-08-18,,23.550140904794937,-48.44857042001551,95.54885222960539
1691,2022-08-19,,23.269974271234084,-48.82574788103735,95.36569642350551
1692,2022-08-20,,22.654954113110552,-49.53779252261421,94.84770074883531
1693,2022-08-21,,23.621304407533724,-48.66848041954324,95.9110892346107
1694,2022-08-22,,23.638225619099295,-48.74861115884925,96.02506239704783
1695,2022-08-23,,24.174338527524018,-48.3095640121517,96.65824106719973
1696,2022-08-24,,24.01150107209037,-48.56948109122176,96.5924832354025
1697,2022-08-25,,24.286575185595876,-48.39150051403497,96.96465088522673
1698,2022-08-26,,23.34396768191665,-49.431215517209324,96.11915088104263
1699,2022-08-27,,22.24888994653016,-50.62341476548433,95.12119465854464
1700,2022-08-28,,22.538563431121954,-50.43087685711592,95.50800371935983
1701,2022-08-29,,23.6966934208539,-49.369896556610115,96.76328339831792
1702,2022-08-30,,24.516122192120385,-48.64763163696846,97.67987602120922
1703,2022-08-31,,24.362510555163283,-48.898421337074765,97.62344244740133
1704,2022-09-01,,23.76069568268653,-49.597428533082194,97.11881989845526
1705,2022-09-02,,24.02459363256027,-49.43073721571089,97.47992448083143
1706,2022-09-03,,25.707251471000742,-47.84530036706964,99.25980330907113
1707,2022-09-04,,24.693166173603576,-48.95662105962437,98.34295340683151
1708,2022-09-05,,25.21453508887501,-48.5325019926684,98.96157217041842
1709,2022-09-06,,24.60725728847192,-49.237044142084265,98.4515587190281
1710,2022-09-07,,23.812739556179544,-50.1288407713674,97.75431988372648
1711,2022-09-08,,23.512851862107674,-50.526021957431674,97.55172568164701
1712,2022-09-09,,23.8957493674663,-50.240432585835286,98.03193132076788
1713,2022-09-10,,22.755576183351174,-51.47792859199685,96.98908095869919
1714,2022-09-11,,21.982613866655374,-52.3482284652853,96.31345619859604
1715,2022-09-12,,23.025314890828326,-51.402879778262545,97.4535095599192
1716,2022-09-13,,23.49975747705895,-51.02580435550175,98.02531930961965
1717,2022-09-14,,24.793221266514102,-49.829722601350504,99.4161651343787
1718,2022-09-15,,23.67152387615722,-51.048816944113696,98.39186469642814
1719,2022-09-16,,23.924333834007008,-50.89341890079633,98.74208656881035
1720,2022-09-17,,24.726495082232354,-50.18868457401005,99.64167473847476
1721,2022-09-18,,25.176172006087477,-49.836449623039606,100.18879363521455
1722,2022-09-19,,24.182472178449668,-50.92760651930644,99.29255087620578
1723,2022-09-20,,24.002015204605552,-51.205535701584054,99.20956611079517
1724,2022-09-21,,24.04140201663251,-51.26363628161791,99.34644031488293
1725,2022-09-22,,23.938063950522086,-51.46447696700353,99.3406048680477
1726,2022-09-23,,24.88004664055803,-50.62001216680987,100.38010544792594
1727,2022-09-24,,24.828391341438575,-50.7692006694585,100.42598335233565
1728,2022-09-25,,24.656315115548335,-51.038825455453036,100.35145568654971
1729,2022-09-26,,22.078288888570956,-53.71441564176804,97.87099341890995
1730,2022-09-27,,23.8326125296689,-52.05767140167044,99.72289646100825
1731,2022-09-28,,24.77313279964102,-51.21474601656351,100.76101161584555
1732,2022-09-29,,24.32709357888464,-51.758395648026024,100.41258280579531
1733,2022-09-30,,24.097992719728996,-52.0851224854803,100.28110792493828
1734,2022-10-01,,24.641712896556495,-51.63904389607217,100.92246968918516
1735,2022-10-02,,25.046967934395465,-51.3314460960797,101.42538196487064
1736,2022-10-03,,24.611615237215496,-51.86447172261905,101.08770219705005
1737,2022-10-04,,25.929063161377563,-50.6447124601958,102.50283878295093
1738,2022-10-05,,24.605348585651026,-52.06613147068916,101.27682864199122
1739,2022-10-06,,24.587555310853887,-52.181644993713064,101.35675561542084
1740,2022-10-07,,22.822894628369085,-54.04404177810119,99.68983103483936
1741,2022-10-08,,23.617924815002805,-53.346763587049864,100.58261321705548
1742,2022-10-09,,23.316718895974123,-53.74573743512978,100.37917522707802
1743,2022-10-10,,22.964261237982782,-54.19597899521942,100.12450147118498
1744,2022-10-11,,23.332735765117153,-53.925304382598355,100.59077591283265
1745,2022-10-12,,24.06520857745603,-53.290647536346754,101.42106469125882
1746,2022-10-13,,23.812136684255613,-53.64155148615958,101.2658248546708
1747,2022-10-14,,23.889735525970668,-53.66180083032671,101.44127188226804
1748,2022-10-15,,23.14416778570256,-54.505232924286034,100.79356849569116
1749,2022-10-16,,22.31931063601835,-55.42797063380568,100.06659190584239
1750,2022-10-17,,22.873976839370428,-54.97120123456553,100.71915491330638
1751,2022-10-18,,21.54591921940814,-56.39717194084681,99.48901037966309
1752,2022-10-19,,22.213634310586354,-55.827386255924594,100.25465487709731
1753,2022-10-20,,24.071423853241463,-54.06754247699322,102.21039018347614
1754,2022-10-21,,23.882701907326233,-54.35422658143237,102.11963039608484
1755,2022-10-22,,23.415381084373088,-54.91952599484507,101.75028816359125
1756,2022-10-23,,22.00792030544336,-56.42498183310957,100.4408224439963
1757,2022-10-24,,21.418204696199453,-57.112709007308325,99.94911839970723
1758,2022-10-25,,22.553760328272617,-56.07518148236139,101.18270213890662
1759,2022-10-26,,23.452527622782352,-55.274458873507996,102.1795141190727
1760,2022-10-27,,24.155854537656847,-54.66919325898745,102.98090233430115
1761,2022-10-28,,23.84003637032122,-55.0830893773519,102.76316211799433
1762,2022-10-29,,23.869596732826768,-55.1516236523381,102.89081711799163
1763,2022-10-30,,24.06130393583354,-55.05802780888612,103.1806356805532
1764,2022-10-31,,23.918281573279035,-55.299178288471595,103.13574143502966
1765,2022-11-01,,23.47050018196098,-55.84510458952408,102.78610495344603
1766,2022-11-02,,23.505576575743056,-55.90818993322241,102.91934308470852
1767,2022-11-03,,23.17567088671886,-56.33627422233177,102.68761599576949
1768,2022-11-04,,23.084579549043443,-56.52556105737324,102.69472015546012
1769,2022-11-05,,24.217467833183324,-55.49088520237481,103.92582086874145
1770,2022-11-06,,23.332723900460554,-56.4738585303284,103.1393063312495
1771,2022-11-07,,21.93110166880898,-57.97372715743461,101.83593049505257
1772,2022-11-08,,22.92521983044871,-57.077872425429234,102.92831208632666
1773,2022-11-09,,23.009835164213413,-57.091537589257115,103.11120791768394
1774,2022-11-10,,23.18252666969819,-57.01714368292512,103.3821970223215
1775,2022-11-11,,22.64408106289198,-57.65390402387092,102.94206614965489
1776,2022-11-12,,22.774418632981362,-57.62189835616,103.17073562212273
1777,2022-11-13,,19.945123916375632,-60.549542176461756,100.43979000921303
1778,2022-11-14,,21.19859614449945,-59.39443628625767,101.79162857525657
1779,2022-11-15,,22.043770696993008,-58.647645338642306,102.73518673262832
1780,2022-11-16,,22.717048818773375,-58.07276812126277,103.50686575880952
1781,2022-11-17,,22.583291753624977,-58.304943422729295,103.47152692997925
1782,2022-11-18,,22.085202875222578,-58.90146790159319,103.07187365203835
1783,2022-11-19,,22.241480649744744,-58.84364312373434,103.32660442322383
1784,2022-11-20,,22.369200785883443,-58.81439341235251,103.5527949841194
1785,2022-11-21,,21.64328500751842,-59.63879707529399,102.92536709033082
1786,2022-11-22,,22.321057546762276,-59.05952991200738,103.70164500553193
1787,2022-11-23,,21.98280960968607,-59.49630074781899,103.46191996719114
1788,2022-11-24,,20.33488556398279,-61.24276524627018,101.91253637423577
1789,2022-11-25,,21.288274035456027,-60.38793481262972,102.96448288354178
1790,2022-11-26,,21.29793577759309,-60.47684872432152,103.0727202795077
1791,2022-11-27,,21.086706041675743,-60.7866717608148,102.96008384416628
1792,2022-11-28,,21.487260221495525,-60.48472855890967,103.45924900190073
1793,2022-11-29,,21.05810662614041,-61.01251083995139,103.12872409223222
1794,2022-11-30,,22.353523846192765,-59.81574004363328,104.52278773601881
1795,2022-12-01,,22.19025319530329,-60.077674886423594,104.45818127703016
1796,2022-12-02,,22.53272059622151,-59.83388947553604,104.89933066797906
1797,2022-12-03,,21.621321175777766,-60.843988713948505,104.08663106550404
1798,2022-12-04,,22.19964143276554,-60.36438613252175,104.76366899805282
1799,2022-12-05,,22.629781939201774,-60.032981188739754,105.29254506714331
1800,2022-12-06,,21.82991979540516,-60.93159681163249,104.59143640244281
1801,2022-12-07,,22.31375148662061,-60.54653654515209,105.1740395183933
1802,2022-12-08,,21.146993290708252,-61.81208414048487,104.10607072190138
1803,2022-12-09,,22.182575149057225,-60.875309685138234,105.24045998325269
1804,2022-12-10,,22.438712668584515,-60.71799760094274,105.59542293811177
1805,2022-12-11,,21.19916893842181,-62.056384827366045,104.45472270420966
1806,2022-12-12,,21.600195937307394,-61.75421941412179,104.95461128873657
1807,2022-12-13,,22.15549367375303,-61.29780138100365,105.60878872850971
1808,2022-12-14,,22.581655453275594,-60.97053745065433,106.13384835720552
1809,2022-12-15,,22.470380990109916,-61.18072793685367,106.1214899170735
1810,2022-12-16,,22.43928125580183,-61.31076189592632,106.18932440752998
1811,2022-12-17,,23.504729031562462,-60.34426657438826,107.35372463751318
1812,2022-12-18,,22.702925310925856,-61.245041006289945,106.65089162814166
1813,2022-12-19,,23.787351854055544,-60.25960345891053,107.83430716702162
1814,2022-12-20,,22.12081414862579,-62.025148471877465,106.26677676912905
1815,2022-12-21,,20.883689473882832,-63.36129879310581,105.12867774087147
1816,2022-12-22,,21.605179177341693,-62.73885310210245,105.94921145678585
1817,2022-12-23,,21.602075586211757,-62.84101909854114,106.04517027096465
1818,2022-12-24,,20.672784950018766,-63.86939055964123,105.21496045967876
1819,2022-12-25,,21.24478592840571,-63.396488852367646,105.88606070917908
1820,2022-12-26,,21.624111099116238,-63.116281425448136,106.3645036236806
1821,2022-12-27,,21.58006956210085,-63.259459205267774,106.41959832946947
1822,2022-12-28,,23.150381612685056,-61.82454955856129,108.12531278393139
1823,2022-12-29,,22.727163110189274,-62.34689912543795,107.8012253458165
1824,2022-12-30,,22.771295173801693,-62.40191679391167,107.94450714151505
1825,2022-12-31,,23.60222872793986,-61.670151665065745,108.87460912094546
